label,old_sciname,old_comname,new_sciname,new_comname,old_code,new_code,reason
"Acanthis cabaret_Lesser Redpoll","Acanthis cabaret","Lesser Redpoll","Acanthis flammea cabaret","Redpoll (Lesser)","lesred1","lesred1","name changed upstream"
"Acanthis flammea_Common Redpoll","Acanthis flammea","Common Redpoll","Acanthis flammea flammea/rostrata/islandica","Redpoll (Common)","comred","comred","name changed upstream"
"Acanthis hornemanni_Hoary Redpoll","Acanthis hornemanni","Hoary Redpoll","Acanthis flammea hornemanni/exilipes","Redpoll (Hoary)","hoared","hoared","name changed upstream"
"Accipiter badius_Shikra","Accipiter badius","Shikra","Tachyspiza badia","Shikra","shikra1","shikra1","name changed upstream"
"Accipiter bicolor_Bicolored Hawk","Accipiter bicolor","Bicolored Hawk","Astur bicolor","Bicolored Hawk","bichaw1","bichaw1","name changed upstream"
"Accipiter cirrocephalus_Collared Sparrowhawk","Accipiter cirrocephalus","Collared Sparrowhawk","Tachyspiza cirrocephala","Collared Sparrowhawk","colspa1","colspa1","name changed upstream"
"Accipiter cooperii_Cooper's Hawk","Accipiter cooperii","Cooper's Hawk","Astur cooperii","Cooper's Hawk","coohaw","coohaw","name changed upstream"
"Accipiter fasciatus_Brown Goshawk","Accipiter fasciatus","Brown Goshawk","Tachyspiza fasciata","Brown Goshawk","brogos1","brogos1","name changed upstream"
"Accipiter gentilis_Northern Goshawk","Accipiter gentilis","Northern Goshawk","Astur atricapillus","American Goshawk","norgos","norgos","name changed upstream"
"Accipiter gularis_Japanese Sparrowhawk","Accipiter gularis","Japanese Sparrowhawk","Tachyspiza gularis","Japanese Sparrowhawk","japspa1","japspa1","name changed upstream"
"Accipiter hiogaster_Variable Goshawk","Accipiter hiogaster","Variable Goshawk","Tachyspiza hiogaster","Variable Goshawk","vargos1","vargos1","name changed upstream"
"Accipiter melanoleucus_Black Goshawk","Accipiter melanoleucus","Black Goshawk","Astur melanoleucus","Black Goshawk","blagos1","blagos1","name changed upstream"
"Accipiter minullus_Little Sparrowhawk","Accipiter minullus","Little Sparrowhawk","Tachyspiza minulla","Little Sparrowhawk","litspa1","litspa1","name changed upstream"
"Accipiter novaehollandiae_Gray Goshawk","Accipiter novaehollandiae","Gray Goshawk","Tachyspiza novaehollandiae","Gray Goshawk","grygos1","grygos1","name changed upstream"
"Accipiter soloensis_Chinese Sparrowhawk","Accipiter soloensis","Chinese Sparrowhawk","Tachyspiza soloensis","Chinese Sparrowhawk","grfhaw1","grfhaw1","name changed upstream"
"Accipiter superciliosus_Tiny Hawk","Accipiter superciliosus","Tiny Hawk","Microspizias superciliosus","Tiny Hawk","tinhaw1","tinhaw1","name changed upstream"
"Accipiter tachiro_African Goshawk","Accipiter tachiro","African Goshawk","Aerospiza tachiro","African Goshawk","afrgos1","afrgos1","name changed upstream"
"Accipiter trinotatus_Spot-tailed Goshawk","Accipiter trinotatus","Spot-tailed Goshawk","Tachyspiza trinotata","Spot-tailed Goshawk","sptgos1","sptgos1","name changed upstream"
"Accipiter trivirgatus_Crested Goshawk","Accipiter trivirgatus","Crested Goshawk","Lophospiza trivirgata","Crested Goshawk","cregos1","cregos1","name changed upstream"
"Accipiter virgatus_Besra","Accipiter virgatus","Besra","Tachyspiza virgata","Besra","besra1","besra1","name changed upstream"
"Acridotheres burmannicus_Vinous-breasted Starling","Acridotheres burmannicus","Vinous-breasted Starling","Acridotheres burmannicus/leucocephalus","Burmese/Vinous-breasted Myna","vibsta3","vibsta3","name changed upstream"
"Acrocephalus baeticatus_African Reed Warbler","Acrocephalus baeticatus","African Reed Warbler","Acrocephalus scirpaceus [baeticatus Group]","Common Reed Warbler (African)","afrwar1","afrwar1","name changed upstream"
"Acrocephalus scirpaceus_Eurasian Reed Warbler","Acrocephalus scirpaceus","Eurasian Reed Warbler","Acrocephalus scirpaceus","Common Reed Warbler","eurwar1","eurwar1","name changed upstream"
"Alophoixus finschii_Finsch's Bulbul","Alophoixus finschii","Finsch's Bulbul","Iole finschii","Finsch's Bulbul","finbul1","finbul1","name changed upstream"
"Amazona aestiva_Turquoise-fronted Parrot","Amazona aestiva","Turquoise-fronted Parrot","Amazona aestiva","Turquoise-fronted Amazon","bufpar","bufpar","name changed upstream"
"Amazona agilis_Black-billed Parrot","Amazona agilis","Black-billed Parrot","Amazona agilis","Black-billed Amazon","blbpar1","blbpar1","name changed upstream"
"Amazona albifrons_White-fronted Parrot","Amazona albifrons","White-fronted Parrot","Amazona albifrons","White-fronted Amazon","whfpar1","whfpar1","name changed upstream"
"Amazona amazonica_Orange-winged Parrot","Amazona amazonica","Orange-winged Parrot","Amazona amazonica","Orange-winged Amazon","orwpar","orwpar","name changed upstream"
"Amazona auropalliata_Yellow-naped Parrot","Amazona auropalliata","Yellow-naped Parrot","Amazona auropalliata","Yellow-naped Amazon","yenpar1","yenpar1","name changed upstream"
"Amazona autumnalis_Red-lored Parrot","Amazona autumnalis","Red-lored Parrot","Amazona autumnalis/lilacina","Red-lored/Lilacine Amazon","relpar","relpar","name changed upstream"
"Amazona brasiliensis_Red-tailed Parrot","Amazona brasiliensis","Red-tailed Parrot","Amazona brasiliensis","Red-tailed Amazon","retpar1","retpar1","name changed upstream"
"Amazona dufresniana_Blue-cheeked Parrot","Amazona dufresniana","Blue-cheeked Parrot","Amazona dufresniana","Blue-cheeked Amazon","blcpar2","blcpar2","name changed upstream"
"Amazona farinosa_Mealy Parrot","Amazona farinosa","Mealy Parrot","Amazona farinosa","Mealy Amazon","meapar","meapar","name changed upstream"
"Amazona festiva_Festive Parrot","Amazona festiva","Festive Parrot","Amazona festiva","Festive Amazon","fespar1","fespar1","name changed upstream"
"Amazona finschi_Lilac-crowned Parrot","Amazona finschi","Lilac-crowned Parrot","Amazona finschi","Lilac-crowned Amazon","licpar","licpar","name changed upstream"
"Amazona kawalli_Kawall's Parrot","Amazona kawalli","Kawall's Parrot","Amazona kawalli","Kawall's Amazon","kawpar1","kawpar1","name changed upstream"
"Amazona leucocephala_Cuban Parrot","Amazona leucocephala","Cuban Parrot","Amazona leucocephala","Cuban Amazon","cubpar1","cubpar1","name changed upstream"
"Amazona mercenarius_Scaly-naped Parrot","Amazona mercenarius","Scaly-naped Parrot","Amazona mercenarius","Scaly-naped Amazon","scnpar1","scnpar1","name changed upstream"
"Amazona ochrocephala_Yellow-crowned Parrot","Amazona ochrocephala","Yellow-crowned Parrot","Amazona ochrocephala","Yellow-crowned Amazon","ywcpar","ywcpar","name changed upstream"
"Amazona oratrix_Yellow-headed Parrot","Amazona oratrix","Yellow-headed Parrot","Amazona oratrix","Yellow-headed Amazon","yehpar","yehpar","name changed upstream"
"Amazona rhodocorytha_Red-browed Parrot","Amazona rhodocorytha","Red-browed Parrot","Amazona rhodocorytha","Red-browed Amazon","rebpar7","rebpar7","name changed upstream"
"Amazona tucumana_Tucuman Parrot","Amazona tucumana","Tucuman Parrot","Amazona tucumana","Tucuman Amazon","tucpar1","tucpar1","name changed upstream"
"Amazona ventralis_Hispaniolan Parrot","Amazona ventralis","Hispaniolan Parrot","Amazona ventralis","Hispaniolan Amazon","hispar1","hispar1","name changed upstream"
"Amazona vinacea_Vinaceous-breasted Parrot","Amazona vinacea","Vinaceous-breasted Parrot","Amazona vinacea","Vinaceous-breasted Amazon","vinpar1","vinpar1","name changed upstream"
"Amazona viridigenalis_Red-crowned Parrot","Amazona viridigenalis","Red-crowned Parrot","Amazona viridigenalis","Red-crowned Amazon","recpar","recpar","name changed upstream"
"Amazona xantholora_Yellow-lored Parrot","Amazona xantholora","Yellow-lored Parrot","Amazona xantholora","Yellow-lored Amazon","yelpar1","yelpar1","name changed upstream"
"Amblyornis newtoniana_Golden Bowerbird","Amblyornis newtoniana","Golden Bowerbird","Prionodura newtoniana","Golden Bowerbird","golbow1","golbow1","name changed upstream"
"Anthropoides paradiseus_Blue Crane","Anthropoides paradiseus","Blue Crane","Grus paradiseus","Blue Crane","blucra2","blucra2","name changed upstream"
"Anthropoides virgo_Demoiselle Crane","Anthropoides virgo","Demoiselle Crane","Grus virgo","Demoiselle Crane","demcra1","demcra1","name changed upstream"
"Anthus lutescens_Yellowish Pipit","Anthus lutescens","Yellowish Pipit","Anthus chii","Yellowish Pipit","yelpip2","yelpip2","name changed upstream"
"Anthus novaeseelandiae_Australasian Pipit","Anthus novaeseelandiae","Australasian Pipit","Anthus novaeseelandiae","New Zealand Pipit","auspip3","auspip3","name changed upstream"
"Antilophia bokermanni_Araripe Manakin","Antilophia bokermanni","Araripe Manakin","Chiroxiphia bokermanni","Araripe Manakin","araman1","araman1","name changed upstream"
"Antilophia galeata_Helmeted Manakin","Antilophia galeata","Helmeted Manakin","Chiroxiphia galeata","Helmeted Manakin","helman1","helman1","name changed upstream"
"Anurolimnas fasciatus_Black-banded Crake","Anurolimnas fasciatus","Black-banded Crake","Rufirallus fasciatus","Black-banded Crake","blbcra1","blbcra1","name changed upstream"
"Anurolimnas viridis_Russet-crowned Crake","Anurolimnas viridis","Russet-crowned Crake","Rufirallus viridis","Russet-crowned Crake","ruccra1","ruccra1","name changed upstream"
"Apus melba_Alpine Swift","Apus melba","Alpine Swift","Tachymarptis melba","Alpine Swift","alpswi1","alpswi1","name changed upstream"
"Ardea intermedia_Intermediate Egret","Ardea intermedia","Intermediate Egret","Ardea intermedia","Medium Egret","integr1","integr1","name changed upstream"
"Arizelocichla nigriceps_Eastern Mountain Greenbul","Arizelocichla nigriceps","Eastern Mountain Greenbul","Arizelocichla nigriceps","Black-headed Mountain Greenbul","easmog2","easmog2","name changed upstream"
"Arremon taciturnus_Pectoral Sparrow","Arremon taciturnus","Pectoral Sparrow","Arremon taciturnus","Pectoral Sparrow","pecspa1","pecspa3","code changed"
"Asthenes dorbignyi_Creamy-breasted Canastero","Asthenes dorbignyi","Creamy-breasted Canastero","Asthenes dorbignyi","Rusty-vented Canastero","crbcan1","crbcan2","code changed"
"Asthenes sclateri_Puna Canastero","Asthenes sclateri","Puna Canastero","Asthenes wyatti [sclateri Group]","Streak-backed Canastero (Puna)","puncan1","puncan1","name changed upstream"
"Atimastillas flavicollis_Yellow-throated Greenbul","Atimastillas flavicollis","Yellow-throated Greenbul","Atimastillas flavicollis","Yellow-gorgeted Greenbul","yetgre2","yetgre2","name changed upstream"
"Atlapetes latinuchus_Yellow-breasted Brushfinch","Atlapetes latinuchus","Yellow-breasted Brushfinch","Atlapetes latinuchus","Yellow-breasted Brushfinch","yebbrf1","yebbru2","code changed"
"Atlapetes schistaceus_Slaty Brushfinch","Atlapetes schistaceus","Slaty Brushfinch","Atlapetes schistaceus","Northern Slaty Brushfinch","slbfin2","slabru1","code changed"
"Atlapetes tricolor_Tricolored Brushfinch","Atlapetes tricolor","Tricolored Brushfinch","Atlapetes tricolor","Golden-crowned Brushfinch","trbfin1","tribrf2","code changed"
"Automolus ochrolaemus_Buff-throated Foliage-gleaner","Automolus ochrolaemus","Buff-throated Foliage-gleaner","Automolus ochrolaemus","Ochre-throated Foliage-gleaner","btfgle1","btfgle1","name changed upstream"
"Automolus subulatus_Striped Woodhaunter","Automolus subulatus","Striped Woodhaunter","Automolus subulatus","Eastern Woodhaunter","strwoo4","strwoo4","name changed upstream"
"Basileuterus lachrymosus_Fan-tailed Warbler","Basileuterus lachrymosus","Fan-tailed Warbler","Euthlypis lachrymosa","Fan-tailed Warbler","fatwar","fatwar","name changed upstream"
"Bleda notatus_Lesser Bristlebill","Bleda notatus","Lesser Bristlebill","Bleda notatus","Yellow-lored Bristlebill","lesbri1","lesbri1","name changed upstream"
"Botaurus stellaris_Great Bittern","Botaurus stellaris","Great Bittern","Botaurus stellaris","Eurasian Bittern","grebit1","grebit1","name changed upstream"
"Brachypodius eutilotus_Puff-backed Bulbul","Brachypodius eutilotus","Puff-backed Bulbul","Microtarsus eutilotus","Puff-backed Bulbul","pubbul1","pubbul1","name changed upstream"
"Brachypodius melanocephalos_Black-headed Bulbul","Brachypodius melanocephalos","Black-headed Bulbul","Microtarsus melanocephalos","Black-headed Bulbul","blhbul1","blhbul1","name changed upstream"
"Brachypodius melanoleucos_Black-and-white Bulbul","Brachypodius melanoleucos","Black-and-white Bulbul","Microtarsus melanoleucos","Black-and-white Bulbul","bawbul2","bawbul2","name changed upstream"
"Brachypodius priocephalus_Gray-headed Bulbul","Brachypodius priocephalus","Gray-headed Bulbul","Microtarsus priocephalus","Gray-headed Bulbul","gyhbul1","gyhbul1","name changed upstream"
"Brachypodius urostictus_Yellow-wattled Bulbul","Brachypodius urostictus","Yellow-wattled Bulbul","Microtarsus urostictus","Yellow-wattled Bulbul","yewbul1","yewbul1","name changed upstream"
"Brachypteryx montana_White-browed Shortwing","Brachypteryx montana","White-browed Shortwing","Brachypteryx montana","Javan Shortwing","whbsho10","whbsho10","name changed upstream"
"Bubo coromandus_Dusky Eagle-Owl","Bubo coromandus","Dusky Eagle-Owl","Ketupa coromanda","Dusky Eagle-Owl","dueowl1","dueowl1","name changed upstream"
"Bubo lacteus_Verreaux's Eagle-Owl","Bubo lacteus","Verreaux's Eagle-Owl","Ketupa lactea","Verreaux's Eagle-Owl","veeowl1","veeowl1","name changed upstream"
"Bubo nipalensis_Spot-bellied Eagle-Owl","Bubo nipalensis","Spot-bellied Eagle-Owl","Ketupa nipalensis","Spot-bellied Eagle-Owl","sbeowl1","sbeowl1","name changed upstream"
"Bubo sumatranus_Barred Eagle-Owl","Bubo sumatranus","Barred Eagle-Owl","Ketupa sumatrana","Barred Eagle-Owl","baeowl1","baeowl1","name changed upstream"
"Bubulcus ibis_Cattle Egret","Bubulcus ibis","Cattle Egret","Ardea ibis/coromanda","Western/Eastern Cattle-Egret","categr","categr","name changed upstream"
"Buceros vigil_Helmeted Hornbill","Buceros vigil","Helmeted Hornbill","Rhinoplax vigil","Helmeted Hornbill","helhor1","helhor1","name changed upstream"
"Buphagus erythrorynchus_Red-billed Oxpecker","Buphagus erythrorynchus","Red-billed Oxpecker","Buphagus erythroryncha","Red-billed Oxpecker","reboxp1","reboxp1","name changed upstream"
"Burhinus bistriatus_Double-striped Thick-knee","Burhinus bistriatus","Double-striped Thick-knee","Hesperoburhinus bistriatus","Double-striped Thick-knee","dstkne","dstkne","name changed upstream"
"Burhinus superciliaris_Peruvian Thick-knee","Burhinus superciliaris","Peruvian Thick-knee","Hesperoburhinus superciliaris","Peruvian Thick-knee","petkne1","petkne1","name changed upstream"
"Butorides striata_Striated Heron","Butorides striata","Striated Heron","Butorides striata","Striated Heron","strher","strher2","code changed"
"Cacatua ducorpsii_Ducorps's Cockatoo","Cacatua ducorpsii","Ducorps's Cockatoo","Cacatua ducorpsii","Solomons Corella","duccoc1","duccoc1","name changed upstream"
"Cacomantis leucolophus_White-crowned Koel","Cacomantis leucolophus","White-crowned Koel","Caliechthrus leucolophus","White-crowned Cuckoo","whckoe1","whckoe1","name changed upstream"
"Cacomantis pallidus_Pallid Cuckoo","Cacomantis pallidus","Pallid Cuckoo","Heteroscenes pallidus","Pallid Cuckoo","palcuc1","palcuc1","name changed upstream"
"Cacomantis variolosus_Brush Cuckoo","Cacomantis variolosus","Brush Cuckoo","Cacomantis variolosus","Sahul Brush Cuckoo","brucuc3","brucuc3","name changed upstream"
"Calendulauda alopex_Foxy Lark","Calendulauda alopex","Foxy Lark","Calendulauda africanoides alopex/intercedens","Fawn-colored Lark (Foxy)","foxlar1","foxlar1","name changed upstream"
"Calocitta colliei_Black-throated Magpie-Jay","Calocitta colliei","Black-throated Magpie-Jay","Cyanocorax colliei","Black-throated Magpie-Jay","btmjay","btmjay","name changed upstream"
"Calocitta formosa_White-throated Magpie-Jay","Calocitta formosa","White-throated Magpie-Jay","Cyanocorax formosus","White-throated Magpie-Jay","wtmjay1","wtmjay1","name changed upstream"
"Calonectris diomedea_Cory's Shearwater","Calonectris diomedea","Cory's Shearwater","Calonectris borealis/diomedea","Cory's/Scopoli's Shearwater","corshe","corshe","name changed upstream"
"Calyptorhynchus funereus_Yellow-tailed Black-Cockatoo","Calyptorhynchus funereus","Yellow-tailed Black-Cockatoo","Zanda funerea","Yellow-tailed Black-Cockatoo","ytbcoc1","ytbcoc1","name changed upstream"
"Calyptorhynchus latirostris_Carnaby's Black-Cockatoo","Calyptorhynchus latirostris","Carnaby's Black-Cockatoo","Zanda latirostris","Carnaby's Black-Cockatoo","slbblc1","slbblc1","name changed upstream"
"Campethera cailliautii_Green-backed Woodpecker","Campethera cailliautii","Green-backed Woodpecker","Campethera maculosa","Green-backed Woodpecker","grbwoo2","grbwoo2","name changed upstream"
"Campylorhynchus rufinucha_Rufous-naped Wren","Campylorhynchus rufinucha","Rufous-naped Wren","Campylorhynchus rufinucha","Veracruz Wren","runwre2","runwre2","name changed upstream"
"Caprimulgus nigriscapularis_Black-shouldered Nightjar","Caprimulgus nigriscapularis","Black-shouldered Nightjar","Caprimulgus pectoralis nigriscapularis","Fiery-necked Nightjar (Black-shouldered)","bksnig1","bksnig1","name changed upstream"
"Caprimulgus poliocephalus_Abyssinian Nightjar","Caprimulgus poliocephalus","Abyssinian Nightjar","Caprimulgus poliocephalus poliocephalus","Montane Nightjar (Abyssinian)","abynig1","abynig1","name changed upstream"
"Cecropis daurica_Red-rumped Swallow","Cecropis daurica","Red-rumped Swallow","Cecropis rufula/melanocrissus/daurica","European/African/Eastern Red-rumped Swallow","rerswa1","rerswa1","name changed upstream"
"Cecropis striolata_Striated Swallow","Cecropis striolata","Striated Swallow","Cecropis daurica [striolata Group]","Eastern Red-rumped Swallow (Striated)","strswa2","strswa2","name changed upstream"
"Celeus grammicus_Scale-breasted Woodpecker","Celeus grammicus","Scale-breasted Woodpecker","Celeus undatus [grammicus Group]","Waved Woodpecker (Scale-breasted)","scbwoo5","scbwoo5","name changed upstream"
"Cercotrichas barbata_Miombo Scrub-Robin","Cercotrichas barbata","Miombo Scrub-Robin","Tychaedon barbata","Miombo Scrub-Robin","misrob1","misrob1","name changed upstream"
"Cercotrichas coryphoeus_Karoo Scrub-Robin","Cercotrichas coryphoeus","Karoo Scrub-Robin","Tychaedon coryphoeus","Karoo Scrub-Robin","kasrob2","kasrob2","name changed upstream"
"Cercotrichas leucophrys_Red-backed Scrub-Robin","Cercotrichas leucophrys","Red-backed Scrub-Robin","Cercotrichas leucophrys","White-browed Scrub-Robin","rbsrob1","rbsrob1","name changed upstream"
"Cercotrichas quadrivirgata_Bearded Scrub-Robin","Cercotrichas quadrivirgata","Bearded Scrub-Robin","Tychaedon quadrivirgata","Bearded Scrub-Robin","besrob1","besrob1","name changed upstream"
"Cercotrichas signata_Brown Scrub-Robin","Cercotrichas signata","Brown Scrub-Robin","Tychaedon signata","Brown Scrub-Robin","brsrob1","brsrob1","name changed upstream"
"Charadrius alexandrinus_Kentish Plover","Charadrius alexandrinus","Kentish Plover","Anarhynchus alexandrinus","Kentish Plover","kenplo1","kenplo1","name changed upstream"
"Charadrius bicinctus_Double-banded Plover","Charadrius bicinctus","Double-banded Plover","Anarhynchus bicinctus","Double-banded Plover","dobplo1","dobplo1","name changed upstream"
"Charadrius collaris_Collared Plover","Charadrius collaris","Collared Plover","Anarhynchus collaris","Collared Plover","colplo1","colplo1","name changed upstream"
"Charadrius dubius_Little Ringed Plover","Charadrius dubius","Little Ringed Plover","Thinornis dubius","Little Ringed Plover","lirplo","lirplo","name changed upstream"
"Charadrius falklandicus_Two-banded Plover","Charadrius falklandicus","Two-banded Plover","Anarhynchus falklandicus","Two-banded Plover","twbplo1","twbplo1","name changed upstream"
"Charadrius javanicus_Javan Plover","Charadrius javanicus","Javan Plover","Anarhynchus javanicus","Javan Plover","javplo1","javplo1","name changed upstream"
"Charadrius leschenaultii_Greater Sand-Plover","Charadrius leschenaultii","Greater Sand-Plover","Anarhynchus leschenaultii","Greater Sand-Plover","grsplo","grsplo","name changed upstream"
"Charadrius modestus_Rufous-chested Dotterel","Charadrius modestus","Rufous-chested Dotterel","Zonibyx modestus","Rufous-chested Dotterel","rucdot1","rucdot1","name changed upstream"
"Charadrius mongolus_Lesser Sand-Plover","Charadrius mongolus","Lesser Sand-Plover","Anarhynchus mongolus/atrifrons","Siberian/Tibetan Sand-Plover","lesplo","lesplo","name changed upstream"
"Charadrius montanus_Mountain Plover","Charadrius montanus","Mountain Plover","Anarhynchus montanus","Mountain Plover","mouplo","mouplo","name changed upstream"
"Charadrius morinellus_Eurasian Dotterel","Charadrius morinellus","Eurasian Dotterel","Eudromias morinellus","Eurasian Dotterel","eurdot","eurdot","name changed upstream"
"Charadrius nivosus_Snowy Plover","Charadrius nivosus","Snowy Plover","Anarhynchus nivosus","Snowy Plover","snoplo5","snoplo5","name changed upstream"
"Charadrius peronii_Malaysian Plover","Charadrius peronii","Malaysian Plover","Anarhynchus peronii","Malaysian Plover","malplo1","malplo1","name changed upstream"
"Charadrius placidus_Long-billed Plover","Charadrius placidus","Long-billed Plover","Thinornis placidus","Long-billed Plover","lobplo1","lobplo1","name changed upstream"
"Charadrius tricollaris_Three-banded Plover","Charadrius tricollaris","Three-banded Plover","Thinornis tricollaris","Three-banded Plover","thbplo1","thbplo1","name changed upstream"
"Charadrius veredus_Oriental Plover","Charadrius veredus","Oriental Plover","Anarhynchus veredus","Oriental Plover","oriplo1","oriplo1","name changed upstream"
"Charadrius wilsonia_Wilson's Plover","Charadrius wilsonia","Wilson's Plover","Anarhynchus wilsonia","Wilson's Plover","wilplo","wilplo","name changed upstream"
"Charmosyna papou_Papuan Lorikeet","Charmosyna papou","Papuan Lorikeet","Charmosyna papou","West Papuan Lorikeet","paplor1","paplor1","name changed upstream"
"Chlorophonia musica_Antillean Euphonia","Chlorophonia musica","Antillean Euphonia","Chlorophonia musica","Hispaniolan Euphonia","anteup2","anteup2","name changed upstream"
"Chloropicus fuscescens_Cardinal Woodpecker","Chloropicus fuscescens","Cardinal Woodpecker","Dendropicos fuscescens","Cardinal Woodpecker","carwoo1","carwoo1","name changed upstream"
"Chloropicus goertae_African Gray Woodpecker","Chloropicus goertae","African Gray Woodpecker","Dendropicos goertae","African Gray Woodpecker","grywoo1","grywoo1","name changed upstream"
"Chloropicus griseocephalus_Olive Woodpecker","Chloropicus griseocephalus","Olive Woodpecker","Dendropicos griseocephalus","Olive Woodpecker","oliwoo2","oliwoo2","name changed upstream"
"Chloropicus spodocephalus_Mountain Gray Woodpecker","Chloropicus spodocephalus","Mountain Gray Woodpecker","Dendropicos spodocephalus","Mountain Gray Woodpecker","gyhwoo1","gyhwoo1","name changed upstream"
"Chloropsis cochinchinensis_Blue-winged Leafbird","Chloropsis cochinchinensis","Blue-winged Leafbird","Chloropsis moluccensis","Blue-winged Leafbird","blwlea1","blwlea1","name changed upstream"
"Cholornis unicolor_Brown Parrotbill","Cholornis unicolor","Brown Parrotbill","Paradoxornis unicolor","Brown Parrotbill","bropar1","bropar1","name changed upstream"
"Chrysococcyx basalis_Horsfield's Bronze-Cuckoo","Chrysococcyx basalis","Horsfield's Bronze-Cuckoo","Chalcites basalis","Horsfield's Bronze-Cuckoo","hobcuc1","hobcuc1","name changed upstream"
"Chrysococcyx lucidus_Shining Bronze-Cuckoo","Chrysococcyx lucidus","Shining Bronze-Cuckoo","Chalcites lucidus","Shining Bronze-Cuckoo","shbcuc1","shbcuc1","name changed upstream"
"Chrysococcyx minutillus_Little Bronze-Cuckoo","Chrysococcyx minutillus","Little Bronze-Cuckoo","Chalcites minutillus","Little Bronze-Cuckoo","libcuc1","libcuc1","name changed upstream"
"Chrysococcyx osculans_Black-eared Cuckoo","Chrysococcyx osculans","Black-eared Cuckoo","Chalcites osculans","Black-eared Cuckoo","blecuc1","blecuc1","name changed upstream"
"Ciccaba albitarsis_Rufous-banded Owl","Ciccaba albitarsis","Rufous-banded Owl","Strix albitarsis","Rufous-banded Owl","rubowl3","rubowl3","name changed upstream"
"Ciccaba huhula_Black-banded Owl","Ciccaba huhula","Black-banded Owl","Strix huhula","Black-banded Owl","bkbowl1","bkbowl1","name changed upstream"
"Ciccaba nigrolineata_Black-and-white Owl","Ciccaba nigrolineata","Black-and-white Owl","Strix nigrolineata","Black-and-white Owl","bawowl1","bawowl1","name changed upstream"
"Ciccaba virgata_Mottled Owl","Ciccaba virgata","Mottled Owl","Strix virgata","Mottled Owl","motowl","motowl","name changed upstream"
"Cicinnurus magnificus_Magnificent Bird-of-Paradise","Cicinnurus magnificus","Magnificent Bird-of-Paradise","Diphyllodes magnificus","Magnificent Bird-of-Paradise","mbopar2","mbopar2","name changed upstream"
"Cicinnurus respublica_Wilson's Bird-of-Paradise","Cicinnurus respublica","Wilson's Bird-of-Paradise","Diphyllodes respublica","Wilson's Bird-of-Paradise","wbopar1","wbopar1","name changed upstream"
"Cinnyris habessinicus_Shining Sunbird","Cinnyris habessinicus","Shining Sunbird","Cinnyris habessinicus","Abyssinian Sunbird","shisun3","shisun3","name changed upstream"
"Cinnyris jugularis_Olive-backed Sunbird","Cinnyris jugularis","Olive-backed Sunbird","Cinnyris ornatus","Ornate Sunbird","olbsun4","olbsun4","name changed upstream"
"Cinnyris mariquensis_Mariqua Sunbird","Cinnyris mariquensis","Mariqua Sunbird","Cinnyris mariquensis","Marico Sunbird","marsun2","marsun2","name changed upstream"
"Cinnyris talatala_White-breasted Sunbird","Cinnyris talatala","White-breasted Sunbird","Cinnyris talatala","White-bellied Sunbird","whbsun2","whbsun2","name changed upstream"
"Circus aeruginosus_Eurasian Marsh-Harrier","Circus aeruginosus","Eurasian Marsh-Harrier","Circus aeruginosus","Western Marsh Harrier","wemhar1","wemhar1","name changed upstream"
"Circus spilonotus_Eastern Marsh-Harrier","Circus spilonotus","Eastern Marsh-Harrier","Circus spilonotus","Eastern Marsh Harrier","easmah1","easmah1","name changed upstream"
"Cisticola subruficapilla_Red-headed Cisticola","Cisticola subruficapilla","Red-headed Cisticola","Cisticola subruficapilla","Gray-backed Cisticola","rehcis2","rehcis2","name changed upstream"
"Clytolaema rubricauda_Brazilian Ruby","Clytolaema rubricauda","Brazilian Ruby","Heliodoxa rubricauda","Brazilian Ruby","brarub1","brarub1","name changed upstream"
"Cnemoscopus rubrirostris_Gray-hooded Bush Tanager","Cnemoscopus rubrirostris","Gray-hooded Bush Tanager","Cnemoscopus rubrirostris/chrysogaster","Pink-billed/Black-billed Cnemoscopus","gyhbut1","gyhbut1","name changed upstream"
"Coccothraustes abeillei_Hooded Grosbeak","Coccothraustes abeillei","Hooded Grosbeak","Hesperiphona abeillei","Hooded Grosbeak","hoogro1","hoogro1","name changed upstream"
"Coccothraustes vespertinus_Evening Grosbeak","Coccothraustes vespertinus","Evening Grosbeak","Hesperiphona vespertina","Evening Grosbeak","evegro","evegro","name changed upstream"
"Colluricincla megarhyncha_Arafura Shrikethrush","Colluricincla megarhyncha","Arafura Shrikethrush","Colluricincla megarhyncha [megarhyncha Group]","Little Shrikethrush (Arafura)","rufsht2","rufsht2","name changed upstream"
"Colluricincla rufogaster_Rufous Shrikethrush","Colluricincla rufogaster","Rufous Shrikethrush","Colluricincla megarhyncha [rufogaster Group]","Little Shrikethrush (Rufous)","litshr2","litshr2","name changed upstream"
"Columba delegorguei_Delegorgue's Pigeon","Columba delegorguei","Delegorgue's Pigeon","Columba delegorguei","Eastern Bronze-naped Pigeon","delpig1","delpig1","name changed upstream"
"Columba iriditorques_Bronze-naped Pigeon","Columba iriditorques","Bronze-naped Pigeon","Columba iriditorques","Western Bronze-naped Pigeon","brnpig1","brnpig1","name changed upstream"
"Columba janthina_Japanese Wood-Pigeon","Columba janthina","Japanese Wood-Pigeon","Columba janthina","Black Wood-Pigeon","jawpig1","jawpig1","name changed upstream"
"Columba larvata_Lemon Dove","Columba larvata","Lemon Dove","Aplopelia larvata","Lemon Dove","lemdov2","lemdov2","name changed upstream"
"Conostoma aemodium_Great Parrotbill","Conostoma aemodium","Great Parrotbill","Paradoxornis aemodius","Great Parrotbill","grepar1","grepar1","name changed upstream"
"Contopus cinereus_Tropical Pewee","Contopus cinereus","Tropical Pewee","Contopus punensis/cinereus/bogotensis","tropical pewee sp.","tropew1","tropew1","name changed upstream"
"Coracina caesia_Gray Cuckooshrike","Coracina caesia","Gray Cuckooshrike","Ceblepyris caesius","Gray Cuckooshrike","grycus1","grycus1","name changed upstream"
"Coracina cinerea_Madagascar Cuckooshrike","Coracina cinerea","Madagascar Cuckooshrike","Ceblepyris cinereus","Madagascar Cuckooshrike","ashcus2","ashcus2","name changed upstream"
"Coracina macei_Large Cuckooshrike","Coracina macei","Large Cuckooshrike","Coracina macei","Indian Cuckooshrike","larcuc1","larcuc1","name changed upstream"
"Coracina pectoralis_White-breasted Cuckooshrike","Coracina pectoralis","White-breasted Cuckooshrike","Ceblepyris pectoralis","White-breasted Cuckooshrike","whbcus2","whbcus2","name changed upstream"
"Corvus dauuricus_Daurian Jackdaw","Corvus dauuricus","Daurian Jackdaw","Coloeus dauuricus","Daurian Jackdaw","daujac1","daujac1","name changed upstream"
"Corvus enca_Slender-billed Crow","Corvus enca","Slender-billed Crow","Corvus enca","Sunda Crow","slbcro2","slbcro2","name changed upstream"
"Corvus monedula_Eurasian Jackdaw","Corvus monedula","Eurasian Jackdaw","Coloeus monedula","Eurasian Jackdaw","eurjac","eurjac","name changed upstream"
"Corvus palmarum_Palm Crow","Corvus palmarum","Palm Crow","Corvus palmarum","Hispaniolan Palm-Crow","palcro1","palcro1","name changed upstream"
"Corythaixoides concolor_Gray Go-away-bird","Corythaixoides concolor","Gray Go-away-bird","Crinifer concolor","Gray Go-away-bird","grygab1","grygab1","name changed upstream"
"Corythaixoides leucogaster_White-bellied Go-away-bird","Corythaixoides leucogaster","White-bellied Go-away-bird","Crinifer leucogaster","White-bellied Go-away-bird","wbgbir1","wbgbir1","name changed upstream"
"Cossypha anomala_Olive-flanked Robin-Chat","Cossypha anomala","Olive-flanked Robin-Chat","Dessonornis anomalus","Olive-flanked Robin-Chat","ofrcha1","ofrcha1","name changed upstream"
"Cossypha archeri_Archer's Robin-Chat","Cossypha archeri","Archer's Robin-Chat","Dessonornis archeri","Archer's Robin-Chat","arrcha1","arrcha1","name changed upstream"
"Cossypha caffra_Cape Robin-Chat","Cossypha caffra","Cape Robin-Chat","Dessonornis caffer","Cape Robin-Chat","carcha1","carcha1","name changed upstream"
"Cossypha humeralis_White-throated Robin-Chat","Cossypha humeralis","White-throated Robin-Chat","Dessonornis humeralis","White-throated Robin-Chat","wtrcha1","wtrcha1","name changed upstream"
"Cossypha polioptera_Gray-winged Robin-Chat","Cossypha polioptera","Gray-winged Robin-Chat","Sheppardia polioptera","Gray-winged Robin-Chat","gywroc1","gywroc1","name changed upstream"
"Cracticus quoyi_Black Butcherbird","Cracticus quoyi","Black Butcherbird","Melloria quoyi","Black Butcherbird","blabut1","blabut1","name changed upstream"
"Cranioleuca gutturata_Speckled Spinetail","Cranioleuca gutturata","Speckled Spinetail","Thripophaga gutturata","Speckled Spinetail","spespi1","spespi1","name changed upstream"
"Cranioleuca marcapatae_Marcapata Spinetail","Cranioleuca marcapatae","Marcapata Spinetail","Cranioleuca marcapatae","Marcapata Spinetail","marspi2","marspi4","code changed"
"Crateroscelis murina_Rusty Mouse-Warbler","Crateroscelis murina","Rusty Mouse-Warbler","Origma murina","Rusty Mouse-Warbler","rumwar1","rumwar1","name changed upstream"
"Crateroscelis robusta_Mountain Mouse-Warbler","Crateroscelis robusta","Mountain Mouse-Warbler","Origma robusta","Mountain Mouse-Warbler","momwar1","momwar1","name changed upstream"
"Crossleyia xanthophrys_Yellow-browed Oxylabes","Crossleyia xanthophrys","Yellow-browed Oxylabes","Crossleyia xanthophrys","Madagascar Yellowbrow","yeboxy1","yeboxy1","name changed upstream"
"Cyanoderma ambiguum_Buff-chested Babbler","Cyanoderma ambiguum","Buff-chested Babbler","Cyanoderma rufifrons [ambiguum Group]","Rufous-fronted Babbler (Buff-chested)","bucbab1","bucbab1","name changed upstream"
"Cyanolanius madagascarinus_Blue Vanga","Cyanolanius madagascarinus","Blue Vanga","Cyanolanius madagascarinus","Madagascar Blue Vanga","bluvan3","bluvan3","name changed upstream"
"Cyornis concretus_White-tailed Flycatcher","Cyornis concretus","White-tailed Flycatcher","Leucoptilon concretum","White-tailed Flycatcher","whtfly2","whtfly2","name changed upstream"
"Cyornis hoevelli_Blue-fronted Flycatcher","Cyornis hoevelli","Blue-fronted Flycatcher","Eumyias hoevelli","Blue-fronted Flycatcher","blffly1","blffly1","name changed upstream"
"Cyornis olivaceus_Fulvous-chested Jungle-Flycatcher","Cyornis olivaceus","Fulvous-chested Jungle-Flycatcher","Cyornis olivaceus","Fulvous-chested Jungle Flycatcher","fucjuf1","fucjuf1","name changed upstream"
"Cyornis poliogenys_Pale-chinned Blue Flycatcher","Cyornis poliogenys","Pale-chinned Blue Flycatcher","Cyornis poliogenys","Pale-chinned Flycatcher","pacblf1","pacblf1","name changed upstream"
"Cyornis umbratilis_Gray-chested Jungle-Flycatcher","Cyornis umbratilis","Gray-chested Jungle-Flycatcher","Cyornis umbratilis","Gray-chested Jungle Flycatcher","gycjuf1","gycjuf1","name changed upstream"
"Cyphorhinus thoracicus_Chestnut-breasted Wren","Cyphorhinus thoracicus","Chestnut-breasted Wren","Cyphorhinus thoracicus","Southern Chestnut-breasted Wren","chbwre3","chbwre3","name changed upstream"
"Cypsiurus balasiensis_Asian Palm-Swift","Cypsiurus balasiensis","Asian Palm-Swift","Cypsiurus balasiensis","Asian Palm Swift","aspswi1","aspswi1","name changed upstream"
"Cypsiurus parvus_African Palm-Swift","Cypsiurus parvus","African Palm-Swift","Cypsiurus parvus","African Palm Swift","afpswi1","afpswi1","name changed upstream"
"Dacnis lineata_Black-faced Dacnis","Dacnis lineata","Black-faced Dacnis","Dacnis lineata","Black-faced Dacnis","blfdac1","bkfdac2","code changed"
"Daption capense_Cape Petrel","Daption capense","Cape Petrel","Daption capense","Pintado Petrel","cappet","cappet","name changed upstream"
"Deconychura longicauda_Long-tailed Woodcreeper","Deconychura longicauda","Long-tailed Woodcreeper","Deconychura longicauda","Whistling Long-tailed Woodcreeper","lotwoo4","lotwoo4","name changed upstream"
"Delichon urbicum_Common House-Martin","Delichon urbicum","Common House-Martin","Delichon urbicum/lagopodum","Western/Siberian House-Martin","cohmar1","cohmar1","name changed upstream"
"Dicaeum agile_Thick-billed Flowerpecker","Dicaeum agile","Thick-billed Flowerpecker","Pachyglossa agilis","Thick-billed Flowerpecker","thbflo1","thbflo1","name changed upstream"
"Dicaeum chrysorrheum_Yellow-vented Flowerpecker","Dicaeum chrysorrheum","Yellow-vented Flowerpecker","Pachyglossa chrysorrhea","Yellow-vented Flowerpecker","yevflo1","yevflo1","name changed upstream"
"Dicrurus divaricatus_Glossy-backed Drongo","Dicrurus divaricatus","Glossy-backed Drongo","Dicrurus adsimilis divaricatus/lugubris","Fork-tailed Drongo (Glossy-backed)","fotdro4","fotdro4","name changed upstream"
"Dicrurus ludwigii_Common Square-tailed Drongo","Dicrurus ludwigii","Common Square-tailed Drongo","Dicrurus ludwigii","Square-tailed Drongo","cstdro1","cstdro1","name changed upstream"
"Dinopium rafflesii_Olive-backed Woodpecker","Dinopium rafflesii","Olive-backed Woodpecker","Gecinulus rafflesii","Olive-backed Woodpecker","olbwoo2","olbwoo2","name changed upstream"
"Diomedea exulans_Wandering Albatross","Diomedea exulans","Wandering Albatross","Diomedea exulans/dabbenena/antipodensis","Snowy/Tristan/Antipodean Albatross","wanalb","wanalb","name changed upstream"
"Dryobates affinis_Red-stained Woodpecker","Dryobates affinis","Red-stained Woodpecker","Veniliornis affinis","Red-stained Woodpecker","reswoo1","reswoo1","name changed upstream"
"Dryobates albolarvatus_White-headed Woodpecker","Dryobates albolarvatus","White-headed Woodpecker","Leuconotopicus albolarvatus","White-headed Woodpecker","whhwoo","whhwoo","name changed upstream"
"Dryobates arizonae_Arizona Woodpecker","Dryobates arizonae","Arizona Woodpecker","Leuconotopicus arizonae","Arizona Woodpecker","ariwoo","ariwoo","name changed upstream"
"Dryobates borealis_Red-cockaded Woodpecker","Dryobates borealis","Red-cockaded Woodpecker","Leuconotopicus borealis","Red-cockaded Woodpecker","recwoo","recwoo","name changed upstream"
"Dryobates callonotus_Scarlet-backed Woodpecker","Dryobates callonotus","Scarlet-backed Woodpecker","Veniliornis callonotus","Scarlet-backed Woodpecker","scbwoo3","scbwoo3","name changed upstream"
"Dryobates cassini_Golden-collared Woodpecker","Dryobates cassini","Golden-collared Woodpecker","Veniliornis cassini","Golden-collared Woodpecker","gocwoo2","gocwoo2","name changed upstream"
"Dryobates cathpharius_Crimson-breasted Woodpecker","Dryobates cathpharius","Crimson-breasted Woodpecker","Dryobates cathpharius/pernyii","Crimson-naped/Necklaced Woodpecker","crbwoo3","crbwoo3","name changed upstream"
"Dryobates dignus_Yellow-vented Woodpecker","Dryobates dignus","Yellow-vented Woodpecker","Veniliornis dignus","Yellow-vented Woodpecker","yevwoo1","yevwoo1","name changed upstream"
"Dryobates frontalis_Dot-fronted Woodpecker","Dryobates frontalis","Dot-fronted Woodpecker","Veniliornis frontalis","Dot-fronted Woodpecker","dofwoo1","dofwoo1","name changed upstream"
"Dryobates fumigatus_Smoky-brown Woodpecker","Dryobates fumigatus","Smoky-brown Woodpecker","Leuconotopicus fumigatus","Smoky-brown Woodpecker","smbwoo1","smbwoo1","name changed upstream"
"Dryobates kirkii_Red-rumped Woodpecker","Dryobates kirkii","Red-rumped Woodpecker","Veniliornis kirkii","Red-rumped Woodpecker","rerwoo1","rerwoo1","name changed upstream"
"Dryobates lignarius_Striped Woodpecker","Dryobates lignarius","Striped Woodpecker","Veniliornis lignarius","Striped Woodpecker","strwoo6","strwoo6","name changed upstream"
"Dryobates maculifrons_Yellow-eared Woodpecker","Dryobates maculifrons","Yellow-eared Woodpecker","Veniliornis maculifrons","Yellow-eared Woodpecker","yeewoo1","yeewoo1","name changed upstream"
"Dryobates mixtus_Checkered Woodpecker","Dryobates mixtus","Checkered Woodpecker","Veniliornis mixtus","Checkered Woodpecker","chewoo3","chewoo3","name changed upstream"
"Dryobates nigriceps_Bar-bellied Woodpecker","Dryobates nigriceps","Bar-bellied Woodpecker","Veniliornis nigriceps","Bar-bellied Woodpecker","babwoo2","babwoo2","name changed upstream"
"Dryobates passerinus_Little Woodpecker","Dryobates passerinus","Little Woodpecker","Veniliornis passerinus","Little Woodpecker","litwoo2","litwoo2","name changed upstream"
"Dryobates spilogaster_White-spotted Woodpecker","Dryobates spilogaster","White-spotted Woodpecker","Veniliornis spilogaster","White-spotted Woodpecker","whswoo2","whswoo2","name changed upstream"
"Dryobates stricklandi_Strickland's Woodpecker","Dryobates stricklandi","Strickland's Woodpecker","Leuconotopicus stricklandi","Strickland's Woodpecker","strwoo","strwoo","name changed upstream"
"Dryobates villosus_Hairy Woodpecker","Dryobates villosus","Hairy Woodpecker","Leuconotopicus villosus","Hairy Woodpecker","haiwoo","haiwoo","name changed upstream"
"Dryotriorchis spectabilis_Congo Serpent-Eagle","Dryotriorchis spectabilis","Congo Serpent-Eagle","Circaetus spectabilis","Congo Snake-Eagle","coseag1","coseag1","name changed upstream"
"Dubusia taeniata_Buff-breasted Mountain Tanager","Dubusia taeniata","Buff-breasted Mountain Tanager","Dubusia taeniata","Buff-banded Mountain Tanager","bbmtan1","bubmot3","code changed"
"Ducula latrans_Peale's Imperial-Pigeon","Ducula latrans","Peale's Imperial-Pigeon","Ducula latrans","Barking Imperial-Pigeon","peipig1","peipig1","name changed upstream"
"Eclectus roratus_Eclectus Parrot","Eclectus roratus","Eclectus Parrot","Eclectus sp.","eclectus sp.","eclpar","eclpar","name changed upstream"
"Edolisoma tenuirostre_Common Cicadabird","Edolisoma tenuirostre","Common Cicadabird","Edolisoma tenuirostre","Sahul Cicadabird","cicada1","cicada1","name changed upstream"
"Elaenia fallax_Greater Antillean Elaenia","Elaenia fallax","Greater Antillean Elaenia","Elaenia fallax","Blue Mountain Elaenia","graela1","graela3","code changed"
"Elminia albonotata_White-tailed Crested-Flycatcher","Elminia albonotata","White-tailed Crested-Flycatcher","Elminia albonotata","White-tailed Crested Flycatcher","wtcfly1","wtcfly1","name changed upstream"
"Elseyornis melanops_Black-fronted Dotterel","Elseyornis melanops","Black-fronted Dotterel","Thinornis melanops","Black-fronted Dotterel","blfdot1","blfdot1","name changed upstream"
"Empidonax difficilis_Pacific-slope Flycatcher","Empidonax difficilis","Pacific-slope Flycatcher","Empidonax difficilis [difficilis Group]","Western Flycatcher (Pacific-slope)","pasfly","pasfly","name changed upstream"
"Empidonax occidentalis_Cordilleran Flycatcher","Empidonax occidentalis","Cordilleran Flycatcher","Empidonax difficilis occidentalis/hellmayri","Western Flycatcher (Cordilleran)","corfly","corfly","name changed upstream"
"Eremomela gregalis_Yellow-rumped Eremomela","Eremomela gregalis","Yellow-rumped Eremomela","Eremomela gregalis","Karoo Eremomela","yerere1","yerere1","name changed upstream"
"Eremomela scotops_Greencap Eremomela","Eremomela scotops","Greencap Eremomela","Eremomela scotops","Green-capped Eremomela","greere1","greere1","name changed upstream"
"Erythropitta erythrogaster_Blue-breasted Pitta","Erythropitta erythrogaster","Blue-breasted Pitta","Erythropitta erythrogaster","Philippine Pitta","rebpit1","rebpit1","name changed upstream"
"Eudyptes chrysocome_Southern Rockhopper Penguin","Eudyptes chrysocome","Southern Rockhopper Penguin","Eudyptes chrysocome","Western Rockhopper Penguin","rocpen1","rocpen2","code changed"
"Eupodotis afra_Black Bustard","Eupodotis afra","Black Bustard","Afrotis afra","Black Bustard","blabus3","blabus3","name changed upstream"
"Eupodotis afraoides_White-quilled Bustard","Eupodotis afraoides","White-quilled Bustard","Afrotis afraoides","White-quilled Bustard","whqbus1","whqbus1","name changed upstream"
"Eupodotis ruficrista_Red-crested Bustard","Eupodotis ruficrista","Red-crested Bustard","Lophotis ruficrista","Red-crested Bustard","recbus1","recbus1","name changed upstream"
"Eupodotis vigorsii_Karoo Bustard","Eupodotis vigorsii","Karoo Bustard","Heterotetrax vigorsii","Karoo Bustard","karbus1","karbus1","name changed upstream"
"Euscarthmus fulviceps_Fulvous-headed Pygmy-Tyrant","Euscarthmus fulviceps","Fulvous-headed Pygmy-Tyrant","Euscarthmus fulviceps","Fulvous-faced Scrub-Tyrant","tacpyt2","tacpyt2","name changed upstream"
"Euscarthmus meloryphus_Rufous-crowned Pygmy-Tyrant","Euscarthmus meloryphus","Rufous-crowned Pygmy-Tyrant","Euscarthmus meloryphus","Fulvous-crowned Scrub-Tyrant","tacpyt1","tacpyt1","name changed upstream"
"Euscarthmus rufomarginatus_Rufous-sided Pygmy-Tyrant","Euscarthmus rufomarginatus","Rufous-sided Pygmy-Tyrant","Euscarthmus rufomarginatus","Rufous-sided Scrub-Tyrant","rsptyr1","rsptyr1","name changed upstream"
"Falcunculus frontatus_Crested Shrike-tit","Falcunculus frontatus","Crested Shrike-tit","Falcunculus frontatus","Eastern Shrike-tit","crstit1","cresht1","code changed"
"Formicarius nigricapillus_Black-headed Antthrush","Formicarius nigricapillus","Black-headed Antthrush","Formicarius nigricapillus","Black-capped Antthrush","blhant1","bkhant7","code changed"
"Formicivora grisea_White-fringed Antwren","Formicivora grisea","White-fringed Antwren","Formicivora intermedia/grisea","Northern/Southern White-fringed Antwren","whfant1","whfant1","name changed upstream"
"Gallinago paraguaiae_Paraguayan Snipe","Gallinago paraguaiae","Paraguayan Snipe","Gallinago paraguaiae","Pantanal Snipe","soasni2","soasni2","name changed upstream"
"Glossopsitta concinna_Musk Lorikeet","Glossopsitta concinna","Musk Lorikeet","Trichoglossus concinnus","Musk Lorikeet","muslor1","muslor1","name changed upstream"
"Gorsachius melanolophus_Malayan Night-Heron","Gorsachius melanolophus","Malayan Night-Heron","Gorsachius melanolophus","Malayan Night Heron","manher1","manher1","name changed upstream"
"Gracupica contra_Asian Pied Starling","Gracupica contra","Asian Pied Starling","Gracupica contra","Indian Pied Starling","aspsta2","aspsta2","name changed upstream"
"Granatellus pelzelni_Rose-breasted Chat","Granatellus pelzelni","Rose-breasted Chat","Granatellus pelzelni","Rose-breasted Chat","robcha1","robcha2","code changed"
"Guttera pucherani_Crested Guineafowl","Guttera pucherani","Crested Guineafowl","Guttera pucherani/verreauxi/edouardi","crested guineafowl sp.","cregui1","cregui1","name changed upstream"
"Gygis alba_White Tern","Gygis alba","White Tern","Gygis sp.","white-tern sp.","whiter","whiter","name changed upstream"
"Habia atrimaxillaris_Black-cheeked Ant-Tanager","Habia atrimaxillaris","Black-cheeked Ant-Tanager","Driophlox atrimaxillaris","Black-cheeked Ant-Tanager","bcatan1","bcatan1","name changed upstream"
"Habia cristata_Crested Ant-Tanager","Habia cristata","Crested Ant-Tanager","Driophlox cristata","Crested Ant-Tanager","cratan1","cratan1","name changed upstream"
"Habia fuscicauda_Red-throated Ant-Tanager","Habia fuscicauda","Red-throated Ant-Tanager","Driophlox fuscicauda","Red-throated Ant-Tanager","rtatan1","rtatan1","name changed upstream"
"Habia gutturalis_Sooty Ant-Tanager","Habia gutturalis","Sooty Ant-Tanager","Driophlox gutturalis","Sooty Ant-Tanager","soatan1","soatan1","name changed upstream"
"Haliaeetus humilis_Lesser Fish-Eagle","Haliaeetus humilis","Lesser Fish-Eagle","Icthyophaga humilis","Lesser Fish-Eagle","lefeag1","lefeag1","name changed upstream"
"Haliaeetus ichthyaetus_Gray-headed Fish-Eagle","Haliaeetus ichthyaetus","Gray-headed Fish-Eagle","Icthyophaga ichthyaetus","Gray-headed Fish-Eagle","gyhfie1","gyhfie1","name changed upstream"
"Haliaeetus leucogaster_White-bellied Sea-Eagle","Haliaeetus leucogaster","White-bellied Sea-Eagle","Icthyophaga leucogaster","White-bellied Sea-Eagle","wbseag1","wbseag1","name changed upstream"
"Haliaeetus vocifer_African Fish-Eagle","Haliaeetus vocifer","African Fish-Eagle","Icthyophaga vocifer","African Fish-Eagle","affeag1","affeag1","name changed upstream"
"Hapalocrex flaviventer_Yellow-breasted Crake","Hapalocrex flaviventer","Yellow-breasted Crake","Laterallus flaviventer","Yellow-breasted Crake","yebcra1","yebcra1","name changed upstream"
"Herpsilochmus sellowi_Caatinga Antwren","Herpsilochmus sellowi","Caatinga Antwren","Radinopsyche sellowi","Caatinga Antwren","caaant1","caaant1","name changed upstream"
"Heteromyias albispecularis_Ashy Robin","Heteromyias albispecularis","Ashy Robin","Heteromyias albispecularis","Arfak Robin","gyhrob1","gyhrob1","name changed upstream"
"Hirundo tahitica_Pacific Swallow","Hirundo tahitica","Pacific Swallow","Hirundo javanica","Pacific Swallow","pacswa1","pacswa1","name changed upstream"
"Horizocerus albocristatus_White-crested Hornbill","Horizocerus albocristatus","White-crested Hornbill","Horizocerus albocristatus/cassini","Western/Eastern Long-tailed Hornbill","whchor3","whchor3","name changed upstream"
"Horornis vulcanius_Sunda Bush Warbler","Horornis vulcanius","Sunda Bush Warbler","Horornis flavolivaceus [vulcanius Group]","Aberrant Bush Warbler (Sunda)","subwar4","subwar4","name changed upstream"
"Hydropsalis maculicaudus_Spot-tailed Nightjar","Hydropsalis maculicaudus","Spot-tailed Nightjar","Antiurus maculicaudus","Spot-tailed Nightjar","sptnig1","sptnig1","name changed upstream"
"Hypargos niveoguttatus_Peters's Twinspot","Hypargos niveoguttatus","Peters's Twinspot","Hypargos niveoguttatus","Red-throated Twinspot","pettwi1","pettwi1","name changed upstream"
"Iole indica_Yellow-browed Bulbul","Iole indica","Yellow-browed Bulbul","Acritillas indica","Yellow-browed Bulbul","yebbul3","yebbul3","name changed upstream"
"Ixobrychus cinnamomeus_Cinnamon Bittern","Ixobrychus cinnamomeus","Cinnamon Bittern","Botaurus cinnamomeus","Cinnamon Bittern","cinbit1","cinbit1","name changed upstream"
"Ixobrychus dubius_Black-backed Bittern","Ixobrychus dubius","Black-backed Bittern","Botaurus dubius","Black-backed Bittern","bkbbit1","bkbbit1","name changed upstream"
"Ixobrychus eurhythmus_Schrenck's Bittern","Ixobrychus eurhythmus","Schrenck's Bittern","Botaurus eurhythmus","Schrenck's Bittern","schbit1","schbit1","name changed upstream"
"Ixobrychus exilis_Least Bittern","Ixobrychus exilis","Least Bittern","Botaurus exilis","Least Bittern","leabit","leabit","name changed upstream"
"Ixobrychus flavicollis_Black Bittern","Ixobrychus flavicollis","Black Bittern","Botaurus flavicollis","Black Bittern","blabit1","blabit1","name changed upstream"
"Ixobrychus involucris_Stripe-backed Bittern","Ixobrychus involucris","Stripe-backed Bittern","Botaurus involucris","Stripe-backed Bittern","stbbit1","stbbit1","name changed upstream"
"Ixobrychus minutus_Little Bittern","Ixobrychus minutus","Little Bittern","Botaurus minutus","Little Bittern","litbit1","litbit1","name changed upstream"
"Ixobrychus sinensis_Yellow Bittern","Ixobrychus sinensis","Yellow Bittern","Botaurus sinensis","Yellow Bittern","yelbit","yelbit","name changed upstream"
"Jynx ruficollis_Rufous-necked Wryneck","Jynx ruficollis","Rufous-necked Wryneck","Jynx ruficollis","Red-throated Wryneck","runwry1","runwry1","name changed upstream"
"Laniisoma elegans_Shrike-like Cotinga","Laniisoma elegans","Shrike-like Cotinga","Laniisoma elegans","Brazilian Laniisoma","shlcot1","shlcot3","code changed"
"Lanius corvinus_Yellow-billed Shrike","Lanius corvinus","Yellow-billed Shrike","Corvinella corvina","Yellow-billed Shrike","yebshr1","yebshr1","name changed upstream"
"Larus argentatus_Herring Gull","Larus argentatus","Herring Gull","Larus argentatus","European Herring Gull","hergul","euhgul1","code changed"
"Laterallus leucopyrrhus_Red-and-white Crake","Laterallus leucopyrrhus","Red-and-white Crake","Rufirallus leucopyrrhus","Red-and-white Crake","rawcra1","rawcra1","name changed upstream"
"Laterallus xenopterus_Rufous-faced Crake","Laterallus xenopterus","Rufous-faced Crake","Rufirallus xenopterus","Rufous-faced Crake","rufcra1","rufcra1","name changed upstream"
"Lepidothrix coronata_Blue-crowned Manakin","Lepidothrix coronata","Blue-crowned Manakin","Lepidothrix coronata","Blue-capped Manakin","blcman1","blcman1","name changed upstream"
"Leucolia violiceps_Violet-crowned Hummingbird","Leucolia violiceps","Violet-crowned Hummingbird","Ramosomyia violiceps","Violet-crowned Hummingbird","vichum","vichum","name changed upstream"
"Lichmera incana_Dark-brown Honeyeater","Lichmera incana","Dark-brown Honeyeater","Lichmera incana","Gray-eared Honeyeater","dabhon1","dabhon1","name changed upstream"
"Liocichla steerii_Steere's Liocichla","Liocichla steerii","Steere's Liocichla","Liocichla steerii","Taiwan Liocichla","stelio1","stelio1","name changed upstream"
"Locustella naevia_Common Grasshopper-Warbler","Locustella naevia","Common Grasshopper-Warbler","Locustella naevia","Common Grasshopper Warbler","cogwar1","cogwar1","name changed upstream"
"Lophoceros fasciatus_African Pied Hornbill","Lophoceros fasciatus","African Pied Hornbill","Lophoceros semifasciatus/fasciatus","West African/Congo Pied Hornbill","afphor1","afphor1","name changed upstream"
"Lophochroa leadbeateri_Pink Cockatoo","Lophochroa leadbeateri","Pink Cockatoo","Cacatua leadbeateri","Pink Cockatoo","pincoc1","pincoc1","name changed upstream"
"Lophorina superba_Greater Lophorina","Lophorina superba","Greater Lophorina","Lophorina latipennis","Greater Lophorina","grsbop1","grsbop1","name changed upstream"
"Lybius bidentatus_Double-toothed Barbet","Lybius bidentatus","Double-toothed Barbet","Pogonornis bidentatus","Double-toothed Barbet","dotbar1","dotbar1","name changed upstream"
"Lycocorax pyrrhopterus_Paradise-crow","Lycocorax pyrrhopterus","Paradise-crow","Lycocorax pyrrhopterus","Halmahera Paradise-crow","parcro1","paradi2","code changed"
"Macropygia mackinlayi_Mackinlay's Cuckoo-Dove","Macropygia mackinlayi","Mackinlay's Cuckoo-Dove","Macropygia mackinlayi","Spot-breasted Cuckoo-Dove","macdov1","macdov1","name changed upstream"
"Megapodius cumingii_Tabon Scrubfowl","Megapodius cumingii","Tabon Scrubfowl","Megapodius cumingii","Philippine Megapode","tabscr1","tabscr1","name changed upstream"
"Megapodius eremita_Melanesian Scrubfowl","Megapodius eremita","Melanesian Scrubfowl","Megapodius eremita","Melanesian Megapode","melscr1","melscr1","name changed upstream"
"Megapodius freycinet_Dusky Scrubfowl","Megapodius freycinet","Dusky Scrubfowl","Megapodius freycinet [freycinet Group]","Dusky Megapode (Dusky)","dusscr2","dusscr2","name changed upstream"
"Megapodius reinwardt_Orange-footed Scrubfowl","Megapodius reinwardt","Orange-footed Scrubfowl","Megapodius reinwardt","Orange-footed Megapode","orfscr1","orfscr1","name changed upstream"
"Meiglyptes tristis_Buff-rumped Woodpecker","Meiglyptes tristis","Buff-rumped Woodpecker","Meiglyptes grammithorax","Buff-rumped Woodpecker","burwoo1","burwoo1","name changed upstream"
"Melaenornis silens_Fiscal Flycatcher","Melaenornis silens","Fiscal Flycatcher","Sigelus silens","Fiscal Flycatcher","fisfly1","fisfly1","name changed upstream"
"Melozone leucotis_White-eared Ground-Sparrow","Melozone leucotis","White-eared Ground-Sparrow","Melozone leucotis","White-eared Ground-Sparrow","wegspa1","whegrs2","code changed"
"Merops orientalis_Green Bee-eater","Merops orientalis","Green Bee-eater","Merops orientalis","Asian Green Bee-eater","grbeat1","grnbee3","code changed"
"Merops superciliosus_Madagascar Bee-eater","Merops superciliosus","Madagascar Bee-eater","Merops superciliosus","Olive Bee-eater","mabeat1","mabeat1","name changed upstream"
"Microeca flavigaster_Lemon-bellied Flycatcher","Microeca flavigaster","Lemon-bellied Flycatcher","Microeca flavigaster","Lemon-bellied Flyrobin","lebfly3","lebfly3","name changed upstream"
"Micropygia schomburgkii_Ocellated Crake","Micropygia schomburgkii","Ocellated Crake","Rufirallus schomburgkii","Ocellated Crake","ocecra1","ocecra1","name changed upstream"
"Milvago chimachima_Yellow-headed Caracara","Milvago chimachima","Yellow-headed Caracara","Daptrius chimachima","Yellow-headed Caracara","yehcar1","yehcar1","name changed upstream"
"Milvago chimango_Chimango Caracara","Milvago chimango","Chimango Caracara","Daptrius chimango","Chimango Caracara","chicar1","chicar1","name changed upstream"
"Mionectes olivaceus_Olive-striped Flycatcher","Mionectes olivaceus","Olive-striped Flycatcher","Mionectes galbinus","Olive-striped Flycatcher","olsfly1","olsfly1","name changed upstream"
"Mirafra affinis_Jerdon's Bushlark","Mirafra affinis","Jerdon's Bushlark","Plocealauda affinis","Jerdon's Bushlark","jerbus2","jerbus2","name changed upstream"
"Mirafra africana_Rufous-naped Lark","Mirafra africana","Rufous-naped Lark","Corypha africana","Rufous-naped Lark","runlar1","runlar1","name changed upstream"
"Mirafra apiata_Cape Clapper Lark","Mirafra apiata","Cape Clapper Lark","Corypha apiata","Cape Clapper Lark","caclar1","caclar1","name changed upstream"
"Mirafra assamica_Bengal Bushlark","Mirafra assamica","Bengal Bushlark","Plocealauda assamica","Bengal Bushlark","benbus1","benbus1","name changed upstream"
"Mirafra cantillans_Singing Bushlark","Mirafra cantillans","Singing Bushlark","Mirafra javanica [cantillans Group]","Singing Bushlark (Singing)","sinbus1","sinbus1","name changed upstream"
"Mirafra cheniana_Latakoo Lark","Mirafra cheniana","Latakoo Lark","Mirafra cheniana","Melodious Lark","latlar1","latlar1","name changed upstream"
"Mirafra erythrocephala_Indochinese Bushlark","Mirafra erythrocephala","Indochinese Bushlark","Plocealauda erythrocephala","Indochinese Bushlark","indbus3","indbus3","name changed upstream"
"Mirafra erythroptera_Indian Bushlark","Mirafra erythroptera","Indian Bushlark","Plocealauda erythroptera","Indian Bushlark","indbus2","indbus2","name changed upstream"
"Mirafra fasciolata_Eastern Clapper Lark","Mirafra fasciolata","Eastern Clapper Lark","Corypha fasciolata","Eastern Clapper Lark","eaclar1","eaclar1","name changed upstream"
"Mirafra javanica_Australasian Bushlark","Mirafra javanica","Australasian Bushlark","Mirafra javanica [javanica Group]","Singing Bushlark (Australasian)","ausbus2","ausbus2","name changed upstream"
"Mirafra rufocinnamomea_Flappet Lark","Mirafra rufocinnamomea","Flappet Lark","Amirafra rufocinnamomea","Flappet Lark","flalar1","flalar1","name changed upstream"
"Montifringilla blanfordi_Blanford's Snowfinch","Montifringilla blanfordi","Blanford's Snowfinch","Pyrgilauda blanfordi","Blanford's Snowfinch","blasno1","blasno1","name changed upstream"
"Montifringilla taczanowskii_White-rumped Snowfinch","Montifringilla taczanowskii","White-rumped Snowfinch","Onychostruthus taczanowskii","White-rumped Snowfinch","whrsno1","whrsno1","name changed upstream"
"Musophaga rossae_Ross's Turaco","Musophaga rossae","Ross's Turaco","Tauraco rossae","Ross's Turaco","rostur1","rostur1","name changed upstream"
"Myiarchus nuttingi_Nutting's Flycatcher","Myiarchus nuttingi","Nutting's Flycatcher","Myiarchus nuttingi/flavidior","Nutting's/Salvadoran Flycatcher","nutfly","nutfly","name changed upstream"
"Myiopagis caniceps_Gray Elaenia","Myiopagis caniceps","Gray Elaenia","Myiopagis caniceps","Gray-headed Elaenia","graela2","gryela3","code changed"
"Myiothlypis chrysogaster_Golden-bellied Warbler","Myiothlypis chrysogaster","Golden-bellied Warbler","Myiothlypis chrysogaster","Cuzco Warbler","gobwar2","gobwar3","code changed"
"Myrmecocichla monticola_Mountain Wheatear","Myrmecocichla monticola","Mountain Wheatear","Myrmecocichla monticola","Mountain Chat","mouwhe1","mouwhe1","name changed upstream"
"Neocossyphus finschi_Finsch's Flycatcher-Thrush","Neocossyphus finschi","Finsch's Flycatcher-Thrush","Stizorhina finschi","Finsch's Flycatcher-Thrush","fifthr1","fifthr1","name changed upstream"
"Neocossyphus fraseri_Rufous Flycatcher-Thrush","Neocossyphus fraseri","Rufous Flycatcher-Thrush","Stizorhina fraseri","Rufous Flycatcher-Thrush","rufthr1","rufthr1","name changed upstream"
"Neopelma chrysolophum_Serra do Mar Tyrant-Manakin","Neopelma chrysolophum","Serra do Mar Tyrant-Manakin","Protopelma chrysolophum","Serra do Mar Tyrant-Manakin","sdmman1","sdmman1","name changed upstream"
"Niltava vivida_Vivid Niltava","Niltava vivida","Vivid Niltava","Niltava vivida","Taiwan Vivid Niltava","vivnil1","vivnil3","code changed"
"Ninox boobook_Southern Boobook","Ninox boobook","Southern Boobook","Ninox boobook","Australian Boobook","souboo8","souboo8","name changed upstream"
"Nucifraga caryocatactes_Eurasian Nutcracker","Nucifraga caryocatactes","Eurasian Nutcracker","Nucifraga caryocatactes/hemispila","Northern/Southern Nutcracker","eurnut1","eurnut1","name changed upstream"
"Numenius phaeopus_Whimbrel","Numenius phaeopus","Whimbrel","Numenius hudsonicus/phaeopus","Hudsonian/Eurasian Whimbrel","whimbr","whimbr","name changed upstream"
"Nyctanassa violacea_Yellow-crowned Night-Heron","Nyctanassa violacea","Yellow-crowned Night-Heron","Nyctanassa violacea","Yellow-crowned Night Heron","ycnher","ycnher","name changed upstream"
"Nyctibius bracteatus_Rufous Potoo","Nyctibius bracteatus","Rufous Potoo","Phyllaemulor bracteatus","Rufous Potoo","rufpot1","rufpot1","name changed upstream"
"Nycticorax nycticorax_Black-crowned Night-Heron","Nycticorax nycticorax","Black-crowned Night-Heron","Nycticorax nycticorax","Black-crowned Night Heron","bcnher","bcnher","name changed upstream"
"Ochthoeca cinnamomeiventris_Slaty-backed Chat-Tyrant","Ochthoeca cinnamomeiventris","Slaty-backed Chat-Tyrant","Ochthoeca cinnamomeiventris","Chestnut-bellied Chat-Tyrant","sbctyr1","slbcht2","code changed"
"Ochthoeca diadema_Yellow-bellied Chat-Tyrant","Ochthoeca diadema","Yellow-bellied Chat-Tyrant","Silvicultrix diadema","Yellow-bellied Chat-Tyrant","yebcht1","yebcht1","name changed upstream"
"Ochthoeca frontalis_Crowned Chat-Tyrant","Ochthoeca frontalis","Crowned Chat-Tyrant","Silvicultrix frontalis","Crowned Chat-Tyrant","crocht1","crocht1","name changed upstream"
"Ochthoeca jelskii_Jelski's Chat-Tyrant","Ochthoeca jelskii","Jelski's Chat-Tyrant","Silvicultrix jelskii","Jelski's Chat-Tyrant","jelcht1","jelcht1","name changed upstream"
"Ochthoeca pulchella_Golden-browed Chat-Tyrant","Ochthoeca pulchella","Golden-browed Chat-Tyrant","Silvicultrix pulchella","Golden-browed Chat-Tyrant","gobcht1","gobcht1","name changed upstream"
"Ocreatus underwoodii_Booted Racket-tail","Ocreatus underwoodii","Booted Racket-tail","Ocreatus underwoodii","White-booted Racket-tail","bortai1","boorat1","code changed"
"Onychorhynchus coronatus_Royal Flycatcher","Onychorhynchus coronatus","Royal Flycatcher","Onychorhynchus coronatus","Tropical Royal Flycatcher","royfly1","royfly1","name changed upstream"
"Oriolus cruentus_Black-and-crimson Oriole","Oriolus cruentus","Black-and-crimson Oriole","Oriolus consanguineus","Black-and-crimson Oriole","bacori1","bacori1","name changed upstream"
"Otocichla mupinensis_Chinese Thrush","Otocichla mupinensis","Chinese Thrush","Turdus mupinensis","Chinese Thrush","chithr2","chithr2","name changed upstream"
"Otus madagascariensis_Torotoroka Scops-Owl","Otus madagascariensis","Torotoroka Scops-Owl","Otus rutilus madagascariensis","Madagascar Scops-Owl (Torotoroka)","torsco1","torsco1","name changed upstream"
"Pachycephala fuliginosa_Western Whistler","Pachycephala fuliginosa","Western Whistler","Pachycephala pectoralis fuliginosa/occidentalis","Golden Whistler (Western)","weswhi2","weswhi2","name changed upstream"
"Pachycephala fulvotincta_Rusty-breasted Whistler","Pachycephala fulvotincta","Rusty-breasted Whistler","Pachycephala calliope","Tenggara Whistler","rubwhi1","rubwhi1","name changed upstream"
"Pachycephala macrorhyncha_Yellow-throated Whistler","Pachycephala macrorhyncha","Yellow-throated Whistler","Pachycephala macrorhyncha","Moluccan Whistler","yetwhi1","yetwhi1","name changed upstream"
"Pachycephala vitiensis_Fiji Whistler","Pachycephala vitiensis","Fiji Whistler","Pachycephala vitiensis","White-throated Fiji Whistler","fijwhi2","whtwhi1","code changed"
"Parus cinereus_Cinereous Tit","Parus cinereus","Cinereous Tit","Parus cinereus [cinereus Group]","Asian Tit (Cinereous)","gretit2","gretit2","name changed upstream"
"Parvipsitta porphyrocephala_Purple-crowned Lorikeet","Parvipsitta porphyrocephala","Purple-crowned Lorikeet","Psitteuteles porphyrocephalus","Purple-crowned Lorikeet","puclor1","puclor1","name changed upstream"
"Parvipsitta pusilla_Little Lorikeet","Parvipsitta pusilla","Little Lorikeet","Psitteuteles pusillus","Little Lorikeet","litlor1","litlor1","name changed upstream"
"Pellorneum capistratum_Black-capped Babbler","Pellorneum capistratum","Black-capped Babbler","Pellorneum capistratum","Javan Black-capped Babbler","blcbab1","bkcbab2","code changed"
"Peneothello cyanus_Blue-gray Robin","Peneothello cyanus","Blue-gray Robin","Melanodryas cyanus","Blue-gray Robin","bugrob1","bugrob1","name changed upstream"
"Peneothello sigillata_White-winged Robin","Peneothello sigillata","White-winged Robin","Melanodryas sigillata","White-winged Robin","whwrob2","whwrob2","name changed upstream"
"Phaeomyias murina_Mouse-colored Tyrannulet","Phaeomyias murina","Mouse-colored Tyrannulet","Nesotriccus sp.","Nesotriccus sp.","moctyr1","moctyr1","name changed upstream"
"Philydor erythrocercum_Rufous-rumped Foliage-gleaner","Philydor erythrocercum","Rufous-rumped Foliage-gleaner","Neophilydor erythrocercum","Rufous-rumped Foliage-gleaner","rurfog1","rurfog1","name changed upstream"
"Philydor fuscipenne_Slaty-winged Foliage-gleaner","Philydor fuscipenne","Slaty-winged Foliage-gleaner","Neophilydor fuscipenne","Slaty-winged Foliage-gleaner","swfgle","swfgle","name changed upstream"
"Phyllomyias burmeisteri_Rough-legged Tyrannulet","Phyllomyias burmeisteri","Rough-legged Tyrannulet","Acrochordopus zeledoni","White-fronted Tyrannulet","roltyr1","roltyr1","name changed upstream"
"Phyllomyias cinereiceps_Ashy-headed Tyrannulet","Phyllomyias cinereiceps","Ashy-headed Tyrannulet","Tyranniscus cinereiceps","Ashy-headed Tyrannulet","ashtyr1","ashtyr1","name changed upstream"
"Phyllomyias nigrocapillus_Black-capped Tyrannulet","Phyllomyias nigrocapillus","Black-capped Tyrannulet","Tyranniscus nigrocapillus","Black-capped Tyrannulet","blctyr1","blctyr1","name changed upstream"
"Phyllomyias uropygialis_Tawny-rumped Tyrannulet","Phyllomyias uropygialis","Tawny-rumped Tyrannulet","Tyranniscus uropygialis","Tawny-rumped Tyrannulet","tartyr1","tartyr1","name changed upstream"
"Phylloscartes difficilis_Serra do Mar Tyrannulet","Phylloscartes difficilis","Serra do Mar Tyrannulet","Pogonotriccus difficilis","Serra do Mar Bristle-Tyrant","sdmtyr2","sdmtyr2","name changed upstream"
"Phylloscartes eximius_Southern Bristle-Tyrant","Phylloscartes eximius","Southern Bristle-Tyrant","Pogonotriccus eximius","Southern Bristle-Tyrant","sobtyr2","sobtyr2","name changed upstream"
"Phylloscartes lanyoni_Antioquia Bristle-Tyrant","Phylloscartes lanyoni","Antioquia Bristle-Tyrant","Pogonotriccus lanyoni","Antioquia Bristle-Tyrant","anbtyr1","anbtyr1","name changed upstream"
"Phylloscartes ophthalmicus_Marble-faced Bristle-Tyrant","Phylloscartes ophthalmicus","Marble-faced Bristle-Tyrant","Pogonotriccus ophthalmicus","Marble-faced Bristle-Tyrant","mfbtyr1","mfbtyr1","name changed upstream"
"Phylloscartes paulista_Sao Paulo Tyrannulet","Phylloscartes paulista","Sao Paulo Tyrannulet","Pogonotriccus paulista","Sao Paulo Bristle-Tyrant","saptyr1","saptyr1","name changed upstream"
"Phylloscartes poecilotis_Variegated Bristle-Tyrant","Phylloscartes poecilotis","Variegated Bristle-Tyrant","Pogonotriccus poecilotis","Variegated Bristle-Tyrant","vabtyr1","vabtyr1","name changed upstream"
"Phylloscopus occisinensis_Alpine Leaf Warbler","Phylloscopus occisinensis","Alpine Leaf Warbler","Phylloscopus affinis occisinensis","Tickell's Leaf Warbler (Alpine)","alplew1","alplew1","name changed upstream"
"Phylloscopus sarasinorum_Sulawesi Leaf Warbler","Phylloscopus sarasinorum","Sulawesi Leaf Warbler","Phylloscopus nesophilus","Sulawesi Leaf Warbler","sulwar1","sulwar1","name changed upstream"
"Piaya cayana_Squirrel Cuckoo","Piaya cayana","Squirrel Cuckoo","Piaya cayana","Common Squirrel-Cuckoo","squcuc1","squcuc1","name changed upstream"
"Pitangus lictor_Lesser Kiskadee","Pitangus lictor","Lesser Kiskadee","Philohydor lictor","Lesser Kiskadee","leskis1","leskis1","name changed upstream"
"Pitta sordida_Hooded Pitta","Pitta sordida","Hooded Pitta","Pitta sordida","Western Hooded Pitta","hoopit2","wehpit1","code changed"
"Platylophus galericulatus_Crested Shrikejay","Platylophus galericulatus","Crested Shrikejay","Platylophus galericulatus","Crested Jayshrike","crejay1","crejay1","name changed upstream"
"Platysmurus leucopterus_Black Magpie","Platysmurus leucopterus","Black Magpie","Platysmurus leucopterus","Malayan Black Magpie","blamag1","blkmag1","code changed"
"Platysteira castanea_Chestnut Wattle-eye","Platysteira castanea","Chestnut Wattle-eye","Dyaphorophyia castanea","Chestnut Wattle-eye","chweye1","chweye1","name changed upstream"
"Ploceus bicolor_Forest Weaver","Ploceus bicolor","Forest Weaver","Ploceus bicolor","Dark-backed Weaver","forwea1","forwea1","name changed upstream"
"Ploceus nigerrimus_Vieillot's Weaver","Ploceus nigerrimus","Vieillot's Weaver","Ploceus castaneofuscus/nigerrimus","Chestnut-and-black/Vieillot's Black Weaver","viewea1","viewea1","name changed upstream"
"Pogoniulus pusillus_Red-fronted Tinkerbird","Pogoniulus pusillus","Red-fronted Tinkerbird","Pogoniulus uropygialis","Northern Red-fronted Tinkerbird","reftin1","reftin1","name changed upstream"
"Pomatorhinus ferruginosus_Coral-billed Scimitar-Babbler","Pomatorhinus ferruginosus","Coral-billed Scimitar-Babbler","Pomatorhinus ferruginosus/phayrei","Black-crowned/Brown-crowned Scimitar-Babbler","cbsbab2","cbsbab2","name changed upstream"
"Pomatorhinus montanus_Chestnut-backed Scimitar-Babbler","Pomatorhinus montanus","Chestnut-backed Scimitar-Babbler","Pomatorhinus montanus","Javan Scimitar-Babbler","cbsbab1","chbscb1","code changed"
"Porzana spiloptera_Dot-winged Crake","Porzana spiloptera","Dot-winged Crake","Laterallus spiloptera","Dot-winged Crake","dowcra1","dowcra1","name changed upstream"
"Prionops plumatus_White Helmetshrike","Prionops plumatus","White Helmetshrike","Prionops plumatus","White-crested Helmetshrike","whihel1","whihel1","name changed upstream"
"Psephotus varius_Mulga Parrot","Psephotus varius","Mulga Parrot","Psephotellus varius","Mulga Parrot","mulpar1","mulpar1","name changed upstream"
"Pseudeos cardinalis_Cardinal Lory","Pseudeos cardinalis","Cardinal Lory","Chalcopsitta cardinalis","Cardinal Lory","carlor1","carlor1","name changed upstream"
"Pseudonigrita arnaudi_Gray-headed Social-Weaver","Pseudonigrita arnaudi","Gray-headed Social-Weaver","Pseudonigrita arnaudi","Gray-capped Social-Weaver","gyhsow1","gyhsow1","name changed upstream"
"Psilopogon australis_Little Barbet","Psilopogon australis","Little Barbet","Psilopogon australis","Yellow-eared Barbet","litbar1","litbar1","name changed upstream"
"Psilopogon duvaucelii_Blue-eared Barbet","Psilopogon duvaucelii","Blue-eared Barbet","Psilopogon cyanotis/duvaucelii","Blue-eared/Black-eared Barbet","blebar1","blebar1","name changed upstream"
"Psilorhinus morio_Brown Jay","Psilorhinus morio","Brown Jay","Cyanocorax morio","Brown Jay","brnjay","brnjay","name changed upstream"
"Psittiparus gularis_Gray-headed Parrotbill","Psittiparus gularis","Gray-headed Parrotbill","Paradoxornis gularis","Gray-headed Parrotbill","gyhpar3","gyhpar3","name changed upstream"
"Psophocichla litsitsirupa_Groundscraper Thrush","Psophocichla litsitsirupa","Groundscraper Thrush","Turdus litsitsirupa","Groundscraper Thrush","grothr1","grothr1","name changed upstream"
"Pternistis adspersus_Red-billed Francolin","Pternistis adspersus","Red-billed Francolin","Pternistis adspersus","Red-billed Spurfowl","rebfra1","rebfra1","name changed upstream"
"Pternistis afer_Red-necked Francolin","Pternistis afer","Red-necked Francolin","Pternistis afer","Red-necked Spurfowl","renfra1","renfra1","name changed upstream"
"Pternistis ahantensis_Ahanta Francolin","Pternistis ahantensis","Ahanta Francolin","Pternistis ahantensis","Ahanta Spurfowl","ahafra2","ahafra2","name changed upstream"
"Pternistis bicalcaratus_Double-spurred Francolin","Pternistis bicalcaratus","Double-spurred Francolin","Pternistis bicalcaratus","Double-spurred Spurfowl","dosfra2","dosfra2","name changed upstream"
"Pternistis capensis_Cape Francolin","Pternistis capensis","Cape Francolin","Pternistis capensis","Cape Spurfowl","capfra2","capfra2","name changed upstream"
"Pternistis erckelii_Erckel's Francolin","Pternistis erckelii","Erckel's Francolin","Pternistis erckelii","Erckel's Spurfowl","ercfra","ercfra","name changed upstream"
"Pternistis hildebrandti_Hildebrandt's Francolin","Pternistis hildebrandti","Hildebrandt's Francolin","Pternistis hildebrandti","Hildebrandt's Spurfowl","hilfra2","hilfra2","name changed upstream"
"Pternistis leucoscepus_Yellow-necked Francolin","Pternistis leucoscepus","Yellow-necked Francolin","Pternistis leucoscepus","Yellow-necked Spurfowl","yenspu1","yenspu1","name changed upstream"
"Pternistis natalensis_Natal Francolin","Pternistis natalensis","Natal Francolin","Pternistis natalensis","Natal Spurfowl","natfra2","natfra2","name changed upstream"
"Pternistis squamatus_Scaly Francolin","Pternistis squamatus","Scaly Francolin","Pternistis squamatus","Scaly Spurfowl","scafra2","scafra2","name changed upstream"
"Pternistis swainsonii_Swainson's Francolin","Pternistis swainsonii","Swainson's Francolin","Pternistis swainsonii","Swainson's Spurfowl","swafra2","swafra2","name changed upstream"
"Pteroglossus torquatus_Collared Aracari","Pteroglossus torquatus","Collared Aracari","Pteroglossus torquatus/erythropygius","Collared/Pale-mandibled Aracari","colara1","colara1","name changed upstream"
"Pteruthius aeralatus_Blyth's Shrike-Babbler","Pteruthius aeralatus","Blyth's Shrike-Babbler","Pteruthius aeralatus","White-browed Shrike-Babbler","blyshb1","whbshb1","code changed"
"Pteruthius ripleyi_Himalayan Shrike-Babbler","Pteruthius ripleyi","Himalayan Shrike-Babbler","Pteruthius aeralatus ripleyi","White-browed Shrike-Babbler (Himalayan)","himshb1","himshb1","name changed upstream"
"Ptilinopus magnificus_Wompoo Fruit-Dove","Ptilinopus magnificus","Wompoo Fruit-Dove","Megaloprepia magnifica","Wompoo Fruit-Dove","wofdov1","wofdov1","name changed upstream"
"Ptilinopus occipitalis_Yellow-breasted Fruit-Dove","Ptilinopus occipitalis","Yellow-breasted Fruit-Dove","Ramphiculus occipitalis","Yellow-breasted Fruit-Dove","ybfdov2","ybfdov2","name changed upstream"
"Ptyonoprogne fuligula_Rock Martin","Ptyonoprogne fuligula","Rock Martin","Ptyonoprogne fuligula","Southern Crag-Martin","rocmar2","rocmar5","code changed"
"Pycnonotus striatus_Striated Bulbul","Pycnonotus striatus","Striated Bulbul","Alcurus striatus","Striated Bulbul","strbul2","strbul2","name changed upstream"
"Pyrrhura picta_Painted Parakeet","Pyrrhura picta","Painted Parakeet","Pyrrhura subandina","Subandean Parakeet","paipar1","paipar1","name changed upstream"
"Reinwardtipicus validus_Orange-backed Woodpecker","Reinwardtipicus validus","Orange-backed Woodpecker","Chrysocolaptes validus","Orange-backed Woodpecker","orbwoo1","orbwoo1","name changed upstream"
"Rhaphidura leucopygialis_Silver-rumped Needletail","Rhaphidura leucopygialis","Silver-rumped Needletail","Rhaphidura leucopygialis","Silver-rumped Spinetail","sirnee1","sirnee1","name changed upstream"
"Rhipidura rufifrons_Rufous Fantail","Rhipidura rufifrons","Rufous Fantail","Rhipidura rufifrons","Australian Rufous Fantail","ruffan1","ruffan13","code changed"
"Rhipidura verreauxi_Streaked Fantail","Rhipidura verreauxi","Streaked Fantail","Rhipidura verreauxi","New Caledonian Streaked Fantail","strfan1","strfan5","code changed"
"Rhodothraupis celaeno_Crimson-collared Grosbeak","Rhodothraupis celaeno","Crimson-collared Grosbeak","Periporphyrus celaeno","Crimson-collared Grosbeak","crcgro","crcgro","name changed upstream"
"Rhynchocyclus olivaceus_Olivaceous Flatbill","Rhynchocyclus olivaceus","Olivaceous Flatbill","Rhynchocyclus aequinoctialis/olivaceus","Western/Eastern Olivaceous Flatbill","olifla1","olifla1","name changed upstream"
"Riparia diluta_Pale Sand Martin","Riparia diluta","Pale Sand Martin","Riparia diluta","Pale Martin","pasmar1","pasmar1","name changed upstream"
"Sakesphorus cristatus_Silvery-cheeked Antshrike","Sakesphorus cristatus","Silvery-cheeked Antshrike","Sakesphoroides cristatus","Silvery-cheeked Antshrike","sicant1","sicant1","name changed upstream"
"Saltator coerulescens_Blue-gray Saltator","Saltator coerulescens","Blue-gray Saltator","Saltator coerulescens","Bluish-gray Saltator","grasal3","grasal3","name changed upstream"
"Saltator olivascens_Olivaceous Saltator","Saltator olivascens","Olivaceous Saltator","Saltator olivascens","Olive-gray Saltator","grasal4","grasal4","name changed upstream"
"Sericornis citreogularis_Yellow-throated Scrubwren","Sericornis citreogularis","Yellow-throated Scrubwren","Neosericornis citreogularis","Yellow-throated Scrubwren","yetscr1","yetscr1","name changed upstream"
"Sericornis papuensis_Papuan Scrubwren","Sericornis papuensis","Papuan Scrubwren","Aethomyias papuensis","Papuan Scrubwren","papscr1","papscr1","name changed upstream"
"Serpophaga munda_White-bellied Tyrannulet","Serpophaga munda","White-bellied Tyrannulet","Serpophaga subcristata munda","White-crested Tyrannulet (White-bellied)","whbtyr2","whbtyr2","name changed upstream"
"Setophaga petechia_Yellow Warbler","Setophaga petechia","Yellow Warbler","Setophaga aestiva/petechia","Northern/Mangrove Yellow Warbler","yelwar","yelwar","name changed upstream"
"Sinosuthora webbiana_Vinous-throated Parrotbill","Sinosuthora webbiana","Vinous-throated Parrotbill","Suthora webbiana","Vinous-throated Parrotbill","vitpar1","vitpar1","name changed upstream"
"Spodiornis rusticus_Slaty Finch","Spodiornis rusticus","Slaty Finch","Haplospiza rustica","Slaty Finch","slafin1","slafin1","name changed upstream"
"Sporophila murallae_Caqueta Seedeater","Sporophila murallae","Caqueta Seedeater","Sporophila americana murallae","Wing-barred Seedeater (Caqueta)","caqsee1","caqsee1","name changed upstream"
"Stactolaema olivacea_Green Barbet","Stactolaema olivacea","Green Barbet","Cryptolybia olivacea","Green Barbet","grebar2","grebar2","name changed upstream"
"Stilpnia cyanoptera_Black-headed Tanager","Stilpnia cyanoptera","Black-headed Tanager","Stilpnia cyanoptera","Black-headed Tanager","blhtan1","bkhtan1","code changed"
"Stiphrornis erythrothorax_Forest Robin","Stiphrornis erythrothorax","Forest Robin","Stiphrornis erythrothorax","Orange-breasted Forest Robin","forrob1","obfrob1","code changed"
"Streptopelia chinensis_Spotted Dove","Streptopelia chinensis","Spotted Dove","Spilopelia chinensis","Spotted Dove","spodov","spodov","name changed upstream"
"Streptopelia senegalensis_Laughing Dove","Streptopelia senegalensis","Laughing Dove","Spilopelia senegalensis","Laughing Dove","laudov1","laudov1","name changed upstream"
"Sylvietta rufescens_Cape Crombec","Sylvietta rufescens","Cape Crombec","Sylvietta rufescens","Long-billed Crombec","capcro1","capcro1","name changed upstream"
"Symposiachrus trivirgatus_Spectacled Monarch","Symposiachrus trivirgatus","Spectacled Monarch","Symposiachrus trivirgatus","Australian Spectacled Monarch","spemon1","spemon1","name changed upstream"
"Systellura decussata_Tschudi's Nightjar","Systellura decussata","Tschudi's Nightjar","Quechuavis decussata","Tschudi's Nightjar","bawnig3","bawnig3","name changed upstream"
"Tachornis phoenicobia_Antillean Palm-Swift","Tachornis phoenicobia","Antillean Palm-Swift","Tachornis phoenicobia","Antillean Palm Swift","anpswi","anpswi","name changed upstream"
"Tachornis squamata_Fork-tailed Palm-Swift","Tachornis squamata","Fork-tailed Palm-Swift","Tachornis squamata","Fork-tailed Palm Swift","ftpswi1","ftpswi1","name changed upstream"
"Tauraco leucotis_White-cheeked Turaco","Tauraco leucotis","White-cheeked Turaco","Menelikornis leucotis","White-cheeked Turaco","whctur1","whctur1","name changed upstream"
"Tauraco porphyreolophus_Purple-crested Turaco","Tauraco porphyreolophus","Purple-crested Turaco","Gallirex porphyreolophus","Purple-crested Turaco","puctur2","puctur2","name changed upstream"
"Telophorus bocagei_Gray-green Bushshrike","Telophorus bocagei","Gray-green Bushshrike","Chlorophoneus bocagei","Gray-green Bushshrike","gygbus1","gygbus1","name changed upstream"
"Telophorus nigrifrons_Black-fronted Bushshrike","Telophorus nigrifrons","Black-fronted Bushshrike","Chlorophoneus nigrifrons","Black-fronted Bushshrike","blfbus1","blfbus1","name changed upstream"
"Telophorus olivaceus_Olive Bushshrike","Telophorus olivaceus","Olive Bushshrike","Chlorophoneus olivaceus","Olive Bushshrike","olibus1","olibus1","name changed upstream"
"Telophorus sulfureopectus_Sulphur-breasted Bushshrike","Telophorus sulfureopectus","Sulphur-breasted Bushshrike","Chlorophoneus sulfureopectus","Sulphur-breasted Bushshrike","subbus1","subbus1","name changed upstream"
"Terpsiphone atrocaudata_Japanese Paradise-Flycatcher","Terpsiphone atrocaudata","Japanese Paradise-Flycatcher","Terpsiphone atrocaudata","Black Paradise-Flycatcher","japfly1","japfly1","name changed upstream"
"Thamnophilus bernardi_Collared Antshrike","Thamnophilus bernardi","Collared Antshrike","Thamnophilus bernardi/shumbae","Collared/Marañon Antshrike","colant1","colant1","name changed upstream"
"Tolmomyias assimilis_Yellow-margined Flycatcher","Tolmomyias assimilis","Yellow-margined Flycatcher","Tolmomyias assimilis","Yellow-margined Flatbill","yemfly1","yemfly1","name changed upstream"
"Tolmomyias flaviventris_Yellow-breasted Flycatcher","Tolmomyias flaviventris","Yellow-breasted Flycatcher","Tolmomyias viridiceps/flaviventris","Olive-faced/Ochre-lored Flatbill","yebfly1","yebfly1","name changed upstream"
"Tolmomyias poliocephalus_Gray-crowned Flycatcher","Tolmomyias poliocephalus","Gray-crowned Flycatcher","Tolmomyias poliocephalus","Gray-crowned Flatbill","gycfly1","gycfly1","name changed upstream"
"Tolmomyias sulphurescens_Yellow-olive Flycatcher","Tolmomyias sulphurescens","Yellow-olive Flycatcher","Tolmomyias sulphurescens","Yellow-olive Flatbill","yeofly1","yeofly1","name changed upstream"
"Tolmomyias traylori_Orange-eyed Flycatcher","Tolmomyias traylori","Orange-eyed Flycatcher","Tolmomyias traylori","Orange-eyed Flatbill","orefly1","orefly1","name changed upstream"
"Trachyphonus purpuratus_Yellow-billed Barbet","Trachyphonus purpuratus","Yellow-billed Barbet","Trachylaemus goffinii","Western Yellow-billed Barbet","yebbar1","yebbar1","name changed upstream"
"Tregellasia capito_Pale-yellow Robin","Tregellasia capito","Pale-yellow Robin","Eopsaltria capito","Pale-yellow Robin","payrob1","payrob1","name changed upstream"
"Trochocercus cyanomelas_African Crested-Flycatcher","Trochocercus cyanomelas","African Crested-Flycatcher","Trochocercus cyanomelas","African Crested Flycatcher","afcfly1","afcfly1","name changed upstream"
"Trochocercus nitens_Blue-headed Crested-Flycatcher","Trochocercus nitens","Blue-headed Crested-Flycatcher","Trochocercus nitens","Blue-headed Crested Flycatcher","bhcfly1","bhcfly1","name changed upstream"
"Troglodytes aedon_House Wren","Troglodytes aedon","House Wren","Troglodytes aedon","Northern House Wren","houwre","houwre","name changed upstream"
"Trogon caligatus_Gartered Trogon","Trogon caligatus","Gartered Trogon","Trogon caligatus","Gartered Violaceous Trogon","gartro1","gartro1","name changed upstream"
"Trogon elegans_Elegant Trogon","Trogon elegans","Elegant Trogon","Trogon elegans","Elegant Trogon","eletro","eletro2","code changed"
"Trogon ramonianus_Amazonian Trogon","Trogon ramonianus","Amazonian Trogon","Trogon ramonianus","Amazonian Violaceous Trogon","viotro3","viotro3","name changed upstream"
"Trogon rufus_Black-throated Trogon","Trogon rufus","Black-throated Trogon","Trogon rufus","Amazonian Black-throated Trogon","blttro2","bkttro6","code changed"
"Trogon violaceus_Guianan Trogon","Trogon violaceus","Guianan Trogon","Trogon violaceus","Guianan Violaceous Trogon","viotro2","viotro2","name changed upstream"
"Tumbezia salvini_Tumbes Tyrant","Tumbezia salvini","Tumbes Tyrant","Ochthoeca salvini","Tumbes Chat-Tyrant","tumtyr2","tumtyr2","name changed upstream"
"Tunchiornis ochraceiceps_Tawny-crowned Greenlet","Tunchiornis ochraceiceps","Tawny-crowned Greenlet","Tunchiornis ochraceiceps","Ochre-crowned Greenlet","tacgre1","tacgre2","code changed"
"Turdus plumbeus_Red-legged Thrush","Turdus plumbeus","Red-legged Thrush","Turdus plumbeus","Western Red-legged Thrush","relthr1","relthr1","name changed upstream"
"Turdus poliocephalus_Island Thrush","Turdus poliocephalus","Island Thrush","Turdus poliocephalus","Tasman Sea Island-Thrush","islthr1","norist1","code changed"
"Tyto alba_Barn Owl","Tyto alba","Barn Owl","Tyto furcata","American Barn Owl","brnowl","brnowl","name changed upstream"
"Upupa epops_Eurasian Hoopoe","Upupa epops","Eurasian Hoopoe","Upupa epops","Common Hoopoe","hoopoe","hoopoe","name changed upstream"
"Urosphena pallidipes_Pale-footed Bush Warbler","Urosphena pallidipes","Pale-footed Bush Warbler","Hemitesia pallidipes","Pale-footed Bush Warbler","pfbwar1","pfbwar1","name changed upstream"
"Vanellus cayanus_Pied Lapwing","Vanellus cayanus","Pied Lapwing","Hoploxypterus cayanus","Pied Plover","pielap1","pielap1","name changed upstream"
"Vidua funerea_Variable Indigobird","Vidua funerea","Variable Indigobird","Vidua funerea","Dusky Indigobird","varind1","varind1","name changed upstream"
"Vireo gilvus_Warbling Vireo","Vireo gilvus","Warbling Vireo","Vireo gilvus/swainsoni","Eastern/Western Warbling Vireo","warvir","warvir","name changed upstream"
"Xenops minutus_Plain Xenops","Xenops minutus","Plain Xenops","Xenops minutus","Atlantic Plain-Xenops","plaxen1","plaxen4","code changed"
"Zavattariornis stresemanni_Stresemann's Bush-Crow","Zavattariornis stresemanni","Stresemann's Bush-Crow","Zavattariornis stresemanni","Ethiopian Bushcrow","stbcro1","stbcro1","name changed upstream"
