"short_name","scientific_name","category"
"Spiny-cheeked Honeyeater","Acanthagenys rufogularis","Bird"
"Inland Thornbill","Acanthiza apicalis","Bird"
"Yellow-rumped Thornbill","Acanthiza chrysorrhoa","Bird"
"Striated Thornbill","Acanthiza lineata","Bird"
"Yellow Thornbill","Acanthiza nana","Bird"
"Brown Thornbill","Acanthiza pusilla","Bird"
"Buff-rumped Thornbill","Acanthiza reguloides","Bird"
"Chestnut-rumped Thornbill","Acanthiza uropygialis","Bird"
"Eastern Spinebill","Acanthorhynchus tenuirostris","Bird"
"Common Myna","Acridotheres tristis","Bird"
"Australian Reed Warbler","Acrocephalus australis","Bird"
"Common Sandpiper","Actitis hypoleucos","Bird"
"Tusked Frog","Adelotus brevis","Frog"
"Australian Owlet Nightjar","Aegotheles cristatus","Bird"
"Plum-headed Finch","Aidemosyne modesta","Bird"
"Green Catbird","Ailuroedus crassirostris","Bird"
"Eurasian Skylark","Alauda arvensis","Bird"
"Floury Baker","Aleeta curvicosta","Cicada"
"Australian King-Parrot","Alisterus scapularis","Bird"
"Grey Grasswren","Amytornis barbatus","Bird"
"Eyrean Grasswren","Amytornis goyderi","Bird"
"Thick-billed Grasswren","Amytornis modestus","Bird"
"Red-capped Plover","Anarhynchus ruficapillus","Bird"
"Chestnut Teal","Anas castanea","Bird"
"Grey Teal","Anas gracilis","Bird"
"Pacific Black Duck","Anas superciliosa","Bird"
"Australasian Darter","Anhinga novaehollandiae","Bird"
"Red Wattlebird","Anthochaera carunculata","Bird"
"Little Wattlebird","Anthochaera chrysoptera","Bird"
"Regent Honeyeater","Anthochaera phrygia","Bird"
"Australian Pipit","Anthus novaeseelandiae","Bird"
"Brolga","Antigone rubicunda","Bird"
"Southern Whiteface","Aphelocephala leucopsis","Bird"
"Banded Whiteface","Aphelocephala nigricincta","Bird"
"Red-winged Parrot","Aprosmictus erythropterus","Bird"
"Wedge-tailed Eagle","Aquila audax","Bird"
"Great Egret","Ardea alba","Bird"
"Eastern Cattle Egret","Ardea coromanda","Bird"
"White-necked Heron","Ardea pacifica","Bird"
"Plumed Egret","Ardea plumifera","Bird"
"Australian Bustard","Ardeotis australis","Bird"
"Black-faced Woodswallow","Artamus cinereus","Bird"
"Dusky Woodswallow","Artamus cyanopterus","Bird"
"White-breasted Woodswallow","Artamus leucorynchus","Bird"
"Little Woodswallow","Artamus minor","Bird"
"Masked Woodswallow","Artamus personatus","Bird"
"White-browed Woodswallow","Artamus superciliosus","Bird"
"White Drummer","Arunta perulata","Cicada"
"Sandstone Squeaker","Atrapsalta collina","Cicada"
"Bark Squeaker","Atrapsalta corticina","Cicada"
"Black Squeaker","Atrapsalta encaustica","Cicada"
"Olive-green Coastal Katydid","Austrosalomona falcata","Orthopteran"
"Pacific Baza","Aviceda subcristata","Bird"
"Hardhead","Aythya australis","Bird"
"Australian Ringneck","Barnardius zonarius","Bird"
"Red Tree-ticker","Birrima castanea","Cicada"
"Musk Duck","Biziura lobata","Bird"
"Cattle","Bos taurus","Non-human mammal"
"Desert Screamer","Burbunga hillieri","Cicada"
"Bush Thick-knee","Burhinus grallarius","Bird"
"Sulphur-crested Cockatoo","Cacatua galerita","Bird"
"Pink Cockatoo","Cacatua leadbeateri","Bird"
"Little Corella","Cacatua sanguinea","Bird"
"Long-billed Corella","Cacatua tenuirostris","Bird"
"Fan-tailed Cuckoo","Cacomantis flabelliformis","Bird"
"Sahul Brush Cuckoo","Cacomantis variolosus","Bird"
"Rufous Fieldwren","Calamanthus campestris","Bird"
"Sharp-tailed Sandpiper","Calidris acuminata","Bird"
"Curlew Sandpiper","Calidris ferruginea","Bird"
"Yellow-faced Honeyeater","Caligavis chrysops","Bird"
"Gang-gang Cockatoo","Callocephalon fimbriatum","Bird"
"Red-tailed Black-Cockatoo","Calyptorhynchus banksii","Bird"
"Yellow-tailed Black-Cockatoo","Calyptorhynchus funereus","Bird"
"Glossy Black-Cockatoo","Calyptorhynchus lathami","Bird"
"Domestic Dog","Canis lupis familiaris","Non-human mammal"
"Dingo","Canis lupus dingo","Non-human mammal"
"Goat","Capra hircus","Non-human mammal"
"European Goldfinch","Carduelis carduelis","Bird"
"Pheasant Coucal","Centropus phasianinus","Bird"
"Pied Honeyeater","Certhionyx variegatus","Bird"
"Azure Kingfisher","Ceyx azureus","Bird"
"Horsfield's Bronze-Cuckoo","Chalcites basalis","Bird"
"Shining Bronze-Cuckoo","Chalcites lucidus","Bird"
"Black-eared Cuckoo","Chalcites osculans","Bird"
"Pacific Emerald Dove","Chalcophaps longirostris","Bird"
"Australian Wood Duck","Chenonetta jubata","Bird"
"White-backed Swallow","Cheramoeca leucosterna","Bird"
"Whiskered Tern","Chlidonias hybrida","Bird"
"Dainty Tree Frog","Chlorohyla gracilenta","Frog"
"Silver Gull","Chroicocephalus novaehollandiae","Bird"
"Brown Songlark","Cincloramphus cruralis","Bird"
"Rufous Songlark","Cincloramphus mathewsi","Bird"
"Cinnamon Quail-thrush","Cinclosoma cinnamomeum","Bird"
"Spotted Quail-thrush","Cinclosoma punctatum","Bird"
"Swamp Harrier","Circus approximans","Bird"
"Golden-headed Cisticola","Cisticola exilis","Bird"
"Red-browed Treecreeper","Climacteris erythrops","Bird"
"Brown Treecreeper","Climacteris picumnus","Bird"
"Ferny Acacia Cicada","Clinopsalta autumna","Cicada"
"Screaming Tree Frog","Colleeneremia quiritatus","Frog"
"Desert Tree Frog","Colleeneremia rubella","Frog"
"Grey Shrikethrush","Colluricincla harmonica","Bird"
"Little Shrikethrush","Colluricincla megarhyncha","Bird"
"White-headed Pigeon","Columba leucomela","Bird"
"Rock Dove","Columba livia","Bird"
"Whittish Meadow Katydid","Conocephalus albescens","Orthopteran"
"Greenish Meadow Katydid","Conocephalus upoluensis","Orthopteran"
"Ground Cuckooshrike","Coracina maxima","Bird"
"Black-faced Cuckooshrike","Coracina novaehollandiae","Bird"
"White-bellied Cuckooshrike","Coracina papuensis","Bird"
"White-winged Chough","Corcorax melanorhamphos","Bird"
"White-throated Treecreeper","Cormobates leucophaea","Bird"
"Little Crow","Corvus bennetti","Bird"
"Australian Raven","Corvus coronoides","Bird"
"Little Raven","Corvus mellori","Bird"
"Torresian Crow","Corvus orru","Bird"
"Forest Raven","Corvus tasmanicus","Bird"
"Stubble Quail","Coturnix pectoralis","Bird"
"Pied Butcherbird","Cracticus nigrogularis","Bird"
"Grey Butcherbird","Cracticus torquatus","Bird"
"Desert Froglet","Crinia deserticola","Frog"
"Eastern Sign-bearing Froglet","Crinia parinsignifera","Frog"
"Common Eastern Froglet","Crinia signifera","Frog"
"Wallum Froglet","Crinia tinnula","Frog"
"Green Grocer","Cyclochila australasiae","Cicada"
"Eastern Water-holding Frog","Cyclorana platycephala","Frog"
"Black Swan","Cygnus atratus","Bird"
"Bladder Cicada","Cystosoma saundersii","Cicada"
"Laughing Kookaburra","Dacelo novaeguineae","Bird"
"Varied Sittella","Daphoenositta chrysoptera","Bird"
"Eastern Bristlebird","Dasyornis brachypterus","Bird"
"Plumed Whistling Duck","Dendrocygna eytoni","Bird"
"Mistletoebird","Dicaeum hirundinaceum","Bird"
"Spangled Drongo","Dicrurus bracteatus","Bird"
"Golden Twanger","Diemeniana euronotiana","Cicada"
"Flies","Diptera","Other insect"
"Emu","Dromaius novaehollandiae","Bird"
"Southern Scrub-robin","Drymodes brunneopygia","Bird"
"Eastern Dwarf Tree Frog","Drymomantis fallax","Frog"
"Sahul Cicadabird","Edolisoma tenuirostre","Bird"
"Little Egret","Egretta garzetta","Bird"
"White-faced Heron","Egretta novaehollandiae","Bird"
"Black-shouldered Kite","Elanus axillaris","Bird"
"Letter-winged Kite","Elanus scriptus","Bird"
"Desert Leaf Katydid","Elephantodeta sp","Orthopteran"
"Painted Finch","Emblema pictum","Bird"
"Blue-faced Honeyeater","Entomyzon cyanotis","Bird"
"Galah","Eolophus roseicapilla","Bird"
"Eastern Yellow Robin","Eopsaltria australis","Bird"
"White-fronted Chat","Epthianura albifrons","Bird"
"Orange Chat","Epthianura aurifrons","Bird"
"Yellow Chat","Epthianura crocea","Bird"
"Crimson Chat","Epthianura tricolor","Bird"
"Red-kneed Dotterel","Erythrogonys cinctus","Bird"
"Pacific Koel","Eudynamys orientalis","Bird"
"Mottled Bush Cricket","Eurepa marginipennis","Orthopteran"
"Spotted Nightjar","Eurostopodus argus","Bird"
"White-throated Nightjar","Eurostopodus mystacalis","Bird"
"Dollarbird","Eurystomus orientalis","Bird"
"Brown Falcon","Falco berigora","Bird"
"Nankeen Kestrel","Falco cenchroides","Bird"
"Australian Hobby","Falco longipennis","Bird"
"Peregrine Falcon","Falco peregrinus","Bird"
"Black Falcon","Falco subniger","Bird"
"Eastern Shrike-tit","Falcunculus frontatus","Bird"
"Cat","Felis catus","Non-human mammal"
"Froggatt's Buzzer","Froggattina australis","Orthopteran"
"Eurasian Coot","Fulica atra","Bird"
"Double-spotted Cicada","Galanga labeculata","Cicada"
"Latham's Snipe","Gallinago hardwickii","Bird"
"Dusky Moorhen","Gallinula tenebrosa","Bird"
"Buff-banded Rail","Gallirallus philippensis","Bird"
"Singing Honeyeater","Gavicalis virescens","Bird"
"Australian Tern","Gelochelidon macrotarsa","Bird"
"Diamond Dove","Geopelia cuneata","Bird"
"Bar-shouldered Dove","Geopelia humeralis","Bird"
"Peaceful Dove","Geopelia placida","Bird"
"Western Gerygone","Gerygone fusca","Bird"
"Brown Gerygone","Gerygone mouki","Bird"
"White-throated Gerygone","Gerygone olivacea","Bird"
"Australian Pratincole","Glareola isabella","Bird"
"Musk Lorikeet","Glossopsitta concinna","Bird"
"Magpie-lark","Grallina cyanoleuca","Bird"
"Painted Honeyeater","Grantiella picta","Bird"
"Indian House Cricket","Gryllodes sigillatus","Orthopteran"
"Southern Mole Cricket","Gryllotalpa australis","Orthopteran"
"Dark Night Mole Cricket","Gryllotalpa monanka","Orthopteran"
"Chirping Mole Cricket","Gryllotalpa pluvialis","Orthopteran"
"Australian Magpie","Gymnorhina tibicen","Bird"
"Red Squeaker","Haemopsalta rubea","Cicada"
"Whistling Kite","Haliastur sphenurus","Bird"
"Razor Grinder","Henicopsaltria eydouxii","Cicada"
"Pallid Cuckoo","Heteroscenes pallidus","Bird"
"Little Eagle","Hieraaetus morphnoides","Bird"
"Pied Stilt","Himantopus leucocephalus","Bird"
"White-throated Needletail","Hirundapus caudacutus","Bird"
"Welcome Swallow","Hirundo neoxena","Bird"
"Engines","Homo sapiens","Other"
"Guns and Fireworks","Homo sapiens","Other"
"Human Voice","Homo sapiens","Other"
"Music","Homo sapiens","Other"
"Power Tools and Machinery","Homo sapiens","Other"
"Siren","Homo sapiens","Other"
"Wind Turbine","Homo sapiens","Other"
"Caspian Tern","Hydroprogne caspia","Bird"
"Chestnut-rumped Heathwren","Hylacola pyrrhopygia","Bird"
"White-bellied Sea Eagle","Icthyophaga leucogaster","Bird"
"White-winged Triller","Lalage tricolor","Bird"
"Swift Parrot","Lathamus discolor","Bird"
"Mottled Field Crickets","Lepidogryllus spp.","Orthopteran"
"Wonga Pigeon","Leucosarcia melanoleuca","Bird"
"Lewin's Rail","Lewinia pectoralis","Bird"
"Yellow-tufted Honeyeater","Lichenostomus melanops","Bird"
"Brown Honeyeater","Lichmera indistincta","Bird"
"Eastern Banjo Frog","Limnodynastes dumerilii","Frog"
"Barking Frog","Limnodynastes fletcheri","Frog"
"Scarlet-sided Banjo Frog","Limnodynastes grayi","Frog"
"Giant Banjo Frog","Limnodynastes interioris","Frog"
"Striped Marsh Frog","Limnodynastes peronii","Frog"
"Salmon-striped Frog","Limnodynastes salmini","Frog"
"Spotted Marsh Frog","Limnodynastes tasmaniensis","Frog"
"Wallum Rocket Frog","Litoria freycineti","Frog"
"Broad-palmed Rocket Frog","Litoria latopalmata","Frog"
"Square-tailed Kite","Lophoictinia isura","Bird"
"Brown Cuckoo-Dove","Macropygia phasianella","Bird"
"Pink-eared Duck","Malacorhynchus membranaceus","Bird"
"Purple-backed Fairywren","Malurus assimilis","Bird"
"Superb Fairywren","Malurus cyaneus","Bird"
"Variegated Fairywren","Malurus lamberti","Bird"
"White-winged Fairywren","Malurus leucopterus","Bird"
"Spendid Fairywren","Malurus splendens","Bird"
"Yellow-throated Miner","Manorina flavigula","Bird"
"Noisy Miner","Manorina melanocephala","Bird"
"Bell Miner","Manorina melanophrys","Bird"
"Wompoo Fruit-Dove","Megaloprepia magnifica","Bird"
"Tawny Grassbird","Megalurus timoriensis","Bird"
"Hooded Robin","Melanodryas cucullata","Bird"
"Lewin's Honeyeater","Meliphaga lewinii","Bird"
"Brown-headed Honeyeater","Melithreptus brevirostris","Bird"
"Black-chinned Honeyeater","Melithreptus gularis","Bird"
"White-naped Honeyeater","Melithreptus lunatus","Bird"
"Budgerigar","Melopsittacus undulatus","Bird"
"Albert's Lyrebird","Menura alberti","Bird"
"Superb Lyrebird","Menura novaehollandiae","Bird"
"Rainbow Bee-eater","Merops ornatus","Bird"
"Little Pied Cormorant","Microcarbo melanoleucos","Bird"
"Jacky Winter","Microeca fascinans","Bird"
"Black Kite","Milvus migrans","Bird"
"Singing Bushlark","Mirafra javanica","Bird"
"Black-faced Monarch","Monarcha melanopsis","Bird"
"Satin Flycatcher","Myiagra cyanoleuca","Bird"
"Restless Flycatcher","Myiagra inquieta","Bird"
"Leaden Flycatcher","Myiagra rubecula","Bird"
"Fence Buzzer","Myopsalta mackinlayi","Cicada"
"Scarlet Honeyeater","Myzomela sanguinolenta","Bird"
"Painted Frog","Neobatrachus pictus","Frog"
"Sudell's Frog","Neobatrachus sudellae","Frog"
"Red-browed Finch","Neochmia temporalis","Bird"
"Blue-winged Parrot","Neophema chrysostoma","Bird"
"Turquoise Parrot","Neophema pulchella","Bird"
"Bourke's Parrot","Neopsephotus bourkii","Bird"
"Yellow-throated Scrubwren","Neosericornis citreogularis","Bird"
"White-eared Honeyeater","Nesoptilotis leucotis","Bird"
"Australian Boobook","Ninox boobook","Bird"
"Barking Owl","Ninox connivens","Bird"
"Powerful Owl","Ninox strenua","Bird"
"Noise","Noise","Other"
"Greater Bluebonnet","Northiella haematogaster","Bird"
"Crucifix Frog","Notaden bennettii","Frog"
"Little Curlew","Numenius minutus","Bird"
"Nankeen Night Heron","Nycticorax caledonicus","Bird"
"Cockatiel","Nymphicus hollandicus","Bird"
"Crested Pigeon","Ocyphaps lophotes","Bird"
"Common Tree Cricket","Oecanthus angustus","Orthopteran"
"Crested Bellbird","Oreoica gutturalis","Bird"
"Rockwarbler","Origma solitaria","Bird"
"Olive-backed Oriole","Oriolus sagittatus","Bird"
"Australian Logrunner","Orthonyx temminckii","Bird"
"Sheep","Ovis aries","Non-human mammal"
"Gilberts Whistler","Pachycephala inornata","Bird"
"Golden Whistler","Pachycephala pectoralis","Bird"
"Rufous Whistler","Pachycephala rufiventris","Bird"
"Bronze Tree-Buzzer","Palapsalta circumdata","Cicada"
"Osprey","Pandion haliaetus","Bird"
"Haswell's Froglet","Paracrinia haswelli","Frog"
"Spotted Pardalote","Pardalotus punctatus","Bird"
"Red-browed Pardalote","Pardalotus rubricatus","Bird"
"Striated Pardalote","Pardalotus striatus","Bird"
"Little Lorikeet","Parvipsitta pusilla","Bird"
"House Sparrow","Passer domesticus","Bird"
"Flinders Squawker","Pauropsalta castanea","Cicada"
"Alarm Clock Squawker","Pauropsalta mneme","Cicada"
"Plains Wanderer","Pedionomus torquatus","Bird"
"Australian Pelican","Pelecanus conspicillatus","Bird"
"Green Tree Frog","Pelodryas caerulea","Frog"
"Inland Dotterel","Peltohyas australis","Bird"
"Peron's Tree Frog","Pengilleyia peronii","Frog"
"Tyler's Tree Frog","Pengilleyia tyleri","Frog"
"Sugar Glider","Petaurus breviceps","Non-human mammal"
"Fairy Martin","Petrochelidon ariel","Bird"
"Tree Martin","Petrochelidon nigricans","Bird"
"Scarlet Robin","Petroica boodang","Bird"
"Red-capped Robin","Petroica goodenovii","Bird"
"Flame Robin","Petroica phoenicea","Bird"
"Rose Robin","Petroica rosea","Bird"
"Ground Parrot","Pezoporus wallicus","Bird"
"Great Cormorant","Phalacrocorax carbo","Bird"
"Little Black Cormorant","Phalacrocorax sulcirostris","Bird"
"Pied Cormorant","Phalacrocorax varius","Bird"
"Common Bronzewing","Phaps chalcoptera","Bird"
"Brush Bronzewing","Phaps elegans","Bird"
"Flock Bronzewing","Phaps histrionica","Bird"
"Koala","Phascolarctos cinereus","Non-human mammal"
"Little Friarbird","Philemon citreogularis","Bird"
"Noisy Friarbird","Philemon corniculatus","Bird"
"White-cheeked Honeyeater","Phylidonyris niger","Bird"
"New Holland Honeyeater","Phylidonyris novaehollandiae","Bird"
"Noisy Pitta","Pitta versicolor","Bird"
"Yellow-billed Spoonbill","Platalea flavipes","Bird"
"Royal Spoonbill","Platalea regia","Bird"
"Crimson Rosella","Platycercus elegans","Bird"
"Eastern Rosella","Platycercus eximius","Bird"
"Ornate Burrowing Frog","Platyplectrum ornatum","Frog"
"Striped Honeyeater","Plectorhyncha lanceolata","Bird"
"Glossy Ibis","Plegadis falcinellus","Bird"
"Tawny Frogmouth","Podargus strigoides","Bird"
"Great Crested Grebe","Podiceps cristatus","Bird"
"Hoary-headed Grebe","Poliocephalus poliocephalus","Bird"
"Superb Parrot","Polytelis swainsonii","Bird"
"Chestnut-crowned Babbler","Pomatostomus ruficeps","Bird"
"White-browed Babbler","Pomatostomus superciliosus","Bird"
"Grey-crowned Babbler","Pomatostomus temporalis","Bird"
"Little Grassbird","Poodytes gramineus","Bird"
"Blue-banded Scratcher","Popplepsalta aeroides","Cicada"
"Southern Red-eyed Squeaker","Popplepsalta notialis","Cicada"
"Australasian Swamphen","Porphyrio melanotus","Bird"
"Australian Spotted Crake","Porzana fluminea","Bird"
"Yellowbelly","Psaltoda harrisii","Cicada"
"Redeye Cicada","Psaltoda moerens","Cicada"
"Little Baron","Psaltoda mossi","Cicada"
"Black Friday","Psaltoda pictibasis","Cicada"
"Black Prince","Psaltoda plaga","Cicada"
"Mulga Parrot","Psephotellus varius","Bird"
"Red-rumped Parrot","Psephotus haematonotus","Bird"
"Common Ring-tailed Possum","Pseudocheirus peregrinus","Non-human mammal"
"Red-crowned Toadlet","Pseudophryne australis","Frog"
"Bibron's Toadlet","Pseudophryne bibroni","Frog"
"Red-backed Toadlet","Pseudophryne coriacea","Frog"
"Lesson's Mimicking Snout-nose","Pseudorhynchus lessonii","Orthopteran"
"Mimicking Snout-nose","Pseudorhynchus mimeticus","Orthopteran"
"Chirruping Wedgebill","Psophodes cristatus","Bird"
"Eastern Whipbird","Psophodes olivaceus","Bird"
"Grey-headed Flying-fox","Pteropus poliocephalus","Non-human mammal"
"Little Red Flying-fox","Pteropus scapulatus","Non-human mammal"
"Rose-crowned Fruit-Dove","Ptilinopus regina","Bird"
"Satin Bowerbird","Ptilonorhynchus violaceus","Bird"
"Fuscous Honeyeater","Ptilotula fusca","Bird"
"Yellow-plumed Honeyeater","Ptilotula ornata","Bird"
"White-plumed Honeyeater","Ptilotula penicillata","Bird"
"Grey-fronted Honeyeater","Ptilotula plumula","Bird"
"White-fronted Honeyeater","Purnella albifrons","Bird"
"Red-whiskered Bulbul","Pycnonotus jocosus","Bird"
"Pilotbird","Pycnoptilus floccosus","Bird"
"Redthroat","Pyrrholaemus brunneus","Bird"
"Speckled Warbler","Pyrrholaemus sagittatus","Bird"
"Southern Whirring Tree Frog","Rawlinsonia revelata","Frog"
"Whistling Tree Frog","Rawlinsonia verreauxii","Frog"
"Red-necked Avocet","Recurvirostra novaehollandiae","Bird"
"Grey Fantail","Rhipidura albiscapa","Bird"
"Willie-wagtail","Rhipidura leucophrys","Bird"
"Australian Rufous Fantail","Rhipidura rufifrons","Bird"
"Lesueur's Stony-creek Frog","Rhyaconastes lesueuri","Frog"
"Channel-billed Cuckoo","Scythrops novaehollandiae","Bird"
"White-browed Scrubwren","Sericornis frontalis","Bird"
"Large-billed Scrubwren","Sericornis magnirostra","Bird"
"Regent Bowerbird","Sericulus chrysocephalus","Bird"
"Weebill","Smicrornis brevirostris","Bird"
"Australasian Shoveler","Spatula rhynchotis","Bird"
"Australasian Figbird","Sphecotheres vieilloti","Bird"
"Spotted Dove","Spilopelia chinensis","Bird"
"Diamond Firetail","Stagonopleura guttata","Bird"
"Double-barred Finch","Stizoptera bichenovii","Bird"
"Pied Currawong","Strepera graculina","Bird"
"Grey Currawong","Strepera versicolor","Bird"
"Apostlebird","Struthidea cinerea","Bird"
"Common Starling","Sturnus vulgaris","Bird"
"Black Honeyeater","Sugomel nigrum","Bird"
"King Quail","Synoicus chinensis","Bird"
"Brown Quail","Synoicus ypsilophorus","Bird"
"Australasian Grebe","Tachybaptus novaehollandiae","Bird"
"Collared Sparrowhawk","Tachyspiza cirrocephala","Bird"
"Brown Goshawk","Tachyspiza fasciata","Bird"
"Grey Goshawk","Tachyspiza novaehollandiae","Bird"
"Australian Shelduck","Tadorna tadornoides","Bird"
"Zebra Finch","Taeniopygia castanotis","Bird"
"Brown Bunyip","Tamasa tristigma","Cicada"
"Black Field Cricket","Teleogryllus commodus","Orthopteran"
"Paperbark Cicada","Telmapsalta hackeri","Cicada"
"Black-fronted Dotterel","Thinornis melanops","Bird"
"Eastern Double Drummer","Thopha saccata","Cicada"
"Australian White Ibis","Threskiornis molucca","Bird"
"Straw-necked Ibis","Threskiornis spinicollis","Bird"
"Red-backed Kingfisher","Todiramphus pyrrhopygius","Bird"
"Sacred Kingfisher","Todiramphus sanctus","Bird"
"Black-tailed Nativehen","Tribonyx ventralis","Bird"
"Scaly-breasted Lorikeet","Trichoglossus chlorolepidotus","Bird"
"Rainbow Lorikeet","Trichoglossus moluccanus","Bird"
"Common Brushtail Possum","Trichosurus vulpecula","Non-human mammal"
"Common Greenshank","Tringa nebularia","Bird"
"Common Blackbird","Turdus merula","Bird"
"Red-backed Buttonquail","Turnix maculosus","Bird"
"Painted Buttonquail","Turnix varius","Bird"
"Little Buttonquail","Turnix velox","Bird"
"Eastern Barn Owl","Tyto javanica","Bird"
"Australasian Grass-Owl","Tyto longimembris","Bird"
"Australian Masked-Owl","Tyto novaehollandiae","Bird"
"Sooty Owl","Tyto tenebricosa","Bird"
"Wrinkled Toadlet","Uperoleia rugosa","Frog"
"Masked Lapwing","Vanellus miles","Bird"
"Banded Lapwing","Vanellus tricolor","Bird"
"Red Fox","Vulpes vulpes","Non-human mammal"
"Paradina sp","Waltzing Matilda","Cicada"
"Thomson River Grass-shaker","Xeropsalta thomsoni","Cicada"
"Silver Princess","Yoyetta celis","Cicada"
"Cumberland Ambertail","Yoyetta cumberlandi","Cicada"
"Varied Ambertail","Yoyetta humphreyae","Cicada"
"Zipping Ambertail","Yoyetta repetens","Cicada"
"Baillon's Crake","Zapornia pusilla","Bird"
"Spotless Crake","Zapornia tabuensis","Bird"
"Bassian Thrush","Zoothera lunulata","Bird"
"Silvereye","Zosterops lateralis","Bird"
